,Series ID,Date,Value,Annual_Per,Monhtly,3_Months,Half-Year,Yoy %
0,CUSR0000SETB01,2026-02-01,276.754,-5.6,0.8,-2.7,2.2,-5.6
1,CUSR0000SETB01,2026-01-01,274.547,-7.5,-3.2,-0.9,3.0,-7.5
2,CUSR0000SETB01,2025-12-01,283.599,-3.3,-0.3,1.0,5.1,-3.3
3,CUSR0000SETB01,2025-11-01,284.56,0.9,2.7,5.0,5.6,0.9
4,CUSR0000SETB01,2025-10-01,276.991,-1.6,-1.3,3.9,0.6,-1.6
5,CUSR0000SETB01,2025-09-01,280.658,-0.5,3.6,4.0,-0.5,-0.5
6,CUSR0000SETB01,2025-08-01,270.922,-6.7,1.6,0.5,-7.6,-6.7
7,CUSR0000SETB01,2025-07-01,266.542,-9.3,-1.2,-3.2,-10.2,-9.3
8,CUSR0000SETB01,2025-06-01,269.865,-8.3,0.1,-4.3,-7.9,-8.3
9,CUSR0000SETB01,2025-05-01,269.584,-11.9,-2.1,-8.1,-4.4,-11.9
10,CUSR0000SETB01,2025-04-01,275.454,-11.9,-2.4,-7.2,-2.2,-11.9
11,CUSR0000SETB01,2025-03-01,282.129,-9.9,-3.8,-3.8,0.0,-9.9
12,CUSR0000SETB01,2025-02-01,293.232,-3.3,-1.2,4.0,1.0,-3.3
13,CUSR0000SETB01,2025-01-01,296.78,-0.1,1.2,5.4,0.9,-0.1
14,CUSR0000SETB01,2024-12-01,293.155,-3.4,4.0,3.9,-0.3,-3.4
15,CUSR0000SETB01,2024-11-01,281.939,-8.1,0.1,-2.9,-7.8,-8.1
16,CUSR0000SETB01,2024-10-01,281.588,-12.1,-0.2,-4.2,-10.0,-12.1
17,CUSR0000SETB01,2024-09-01,282.057,-15.2,-2.8,-4.1,-9.9,-15.2
18,CUSR0000SETB01,2024-08-01,290.263,-10.3,-1.3,-5.1,-4.3,-10.3
19,CUSR0000SETB01,2024-07-01,294.025,-2.2,0.0,-6.0,-1.1,-2.2
20,CUSR0000SETB01,2024-06-01,294.143,-2.4,-3.8,-6.0,-3.0,-2.4
21,CUSR0000SETB01,2024-05-01,305.909,2.4,-2.2,0.9,-0.3,2.4
22,CUSR0000SETB01,2024-04-01,312.728,1.1,-0.1,5.2,-2.4,1.1
23,CUSR0000SETB01,2024-03-01,313.054,1.1,3.3,3.2,-5.9,1.1
24,CUSR0000SETB01,2024-02-01,303.183,-4.2,2.0,-1.2,-6.3,-4.2
25,CUSR0000SETB01,2024-01-01,297.154,-6.4,-2.0,-7.2,-1.2,-6.4
26,CUSR0000SETB01,2023-12-01,303.319,-1.9,-1.1,-8.8,0.6,-1.9
27,CUSR0000SETB01,2023-11-01,306.714,-8.8,-4.2,-5.2,2.6,-8.8
28,CUSR0000SETB01,2023-10-01,320.296,-5.0,-3.7,6.5,3.5,-5.0
29,CUSR0000SETB01,2023-09-01,332.732,3.1,2.8,10.4,7.4,3.1
30,CUSR0000SETB01,2023-08-01,323.701,-3.5,7.7,8.3,2.3,-3.5
31,CUSR0000SETB01,2023-07-01,300.625,-19.9,-0.3,-2.8,-5.3,-19.9
32,CUSR0000SETB01,2023-06-01,301.426,-26.4,0.9,-2.7,-2.5,-26.4
33,CUSR0000SETB01,2023-05-01,298.832,-19.5,-3.4,-5.5,-11.1,-19.5
34,CUSR0000SETB01,2023-04-01,309.412,-12.3,-0.1,-2.5,-8.3,-12.3
35,CUSR0000SETB01,2023-03-01,309.776,-17.6,-2.1,0.2,-4.1,-17.6
36,CUSR0000SETB01,2023-02-01,316.327,-2.2,-0.3,-5.9,-5.7,-2.2
37,CUSR0000SETB01,2023-01-01,317.38,1.4,2.7,-5.9,-15.5,1.4
38,CUSR0000SETB01,2022-12-01,309.091,-1.4,-8.1,-4.3,-24.6,-1.4
39,CUSR0000SETB01,2022-11-01,336.273,10.2,-0.3,0.3,-9.4,10.2
40,CUSR0000SETB01,2022-10-01,337.263,17.7,4.5,-10.2,-4.4,17.7
41,CUSR0000SETB01,2022-09-01,322.853,18.1,-3.7,-21.2,-14.1,18.1
42,CUSR0000SETB01,2022-08-01,335.333,25.7,-10.7,-9.7,3.7,25.7
43,CUSR0000SETB01,2022-07-01,375.422,44.1,-8.4,6.4,20.0,44.1
44,CUSR0000SETB01,2022-06-01,409.671,59.8,10.3,9.0,30.6,59.8
45,CUSR0000SETB01,2022-05-01,371.34,48.9,5.2,14.8,21.7,48.9
46,CUSR0000SETB01,2022-04-01,352.96,43.4,-6.1,12.8,23.2,43.4
47,CUSR0000SETB01,2022-03-01,375.953,47.8,16.3,19.9,37.6,47.8
48,CUSR0000SETB01,2022-02-01,323.33,37.8,3.3,6.0,21.2,37.8
49,CUSR0000SETB01,2022-01-01,312.894,40.0,-0.2,9.2,20.1,40.0
50,CUSR0000SETB01,2021-12-01,313.591,50.2,2.8,14.8,22.4,50.2
51,CUSR0000SETB01,2021-11-01,305.127,59.1,6.5,14.3,22.4,59.1
52,CUSR0000SETB01,2021-10-01,286.527,49.6,4.9,10.0,16.4,49.6
53,CUSR0000SETB01,2021-09-01,273.26,41.5,2.4,6.6,7.4,41.5
54,CUSR0000SETB01,2021-08-01,266.871,41.7,2.4,7.0,13.7,41.7
55,CUSR0000SETB01,2021-07-01,260.515,40.8,1.6,5.9,16.5,40.8
56,CUSR0000SETB01,2021-06-01,256.305,43.9,2.8,0.7,22.8,43.9
57,CUSR0000SETB01,2021-05-01,249.382,55.6,1.4,6.2,30.0,55.6
58,CUSR0000SETB01,2021-04-01,246.052,49.3,-3.3,10.1,28.5,49.3
59,CUSR0000SETB01,2021-03-01,254.403,24.2,8.4,21.9,31.8,24.2
60,CUSR0000SETB01,2021-02-01,234.713,1.8,5.0,22.4,24.6,1.8
61,CUSR0000SETB01,2021-01-01,223.567,-7.8,7.1,16.7,20.8,-7.8
62,CUSR0000SETB01,2020-12-01,208.753,-14.5,8.8,8.1,17.2,-14.5
63,CUSR0000SETB01,2020-11-01,191.823,-19.0,0.2,1.9,19.7,-19.0
64,CUSR0000SETB01,2020-10-01,191.525,-17.6,-0.8,3.5,16.2,-17.6
65,CUSR0000SETB01,2020-09-01,193.069,-15.4,2.5,8.4,-5.8,-15.4
66,CUSR0000SETB01,2020-08-01,188.325,-18.0,1.8,17.5,-18.3,-18.0
67,CUSR0000SETB01,2020-07-01,185.072,-21.3,3.9,12.3,-23.6,-21.3
68,CUSR0000SETB01,2020-06-01,178.169,-23.1,11.2,-13.0,-27.0,-23.1
69,CUSR0000SETB01,2020-05-01,160.261,-33.9,-2.8,-30.5,-32.4,-33.9
70,CUSR0000SETB01,2020-04-01,164.836,-32.9,-19.6,-32.0,-29.1,-32.9
71,CUSR0000SETB01,2020-03-01,204.901,-10.9,-11.2,-16.1,-10.2,-10.9
72,CUSR0000SETB01,2020-02-01,230.646,6.2,-4.8,-2.6,0.4,6.2
73,CUSR0000SETB01,2020-01-01,242.397,16.1,-0.7,4.3,3.1,16.1
74,CUSR0000SETB01,2019-12-01,244.197,8.5,3.1,7.0,5.4,8.5
75,CUSR0000SETB01,2019-11-01,236.924,-0.6,2.0,3.1,-2.3,-0.6
76,CUSR0000SETB01,2019-10-01,232.348,-8.3,1.8,-1.2,-5.4,-8.3
77,CUSR0000SETB01,2019-09-01,228.23,-8.8,-0.7,-1.5,-0.8,-8.8
78,CUSR0000SETB01,2019-08-01,229.734,-6.7,-2.3,-5.3,5.8,-6.7
79,CUSR0000SETB01,2019-07-01,235.098,-2.6,1.5,-4.3,12.6,-2.6
80,CUSR0000SETB01,2019-06-01,231.691,-4.7,-4.5,0.7,2.9,-4.7
81,CUSR0000SETB01,2019-05-01,242.557,0.1,-1.3,11.7,1.8,0.1
82,CUSR0000SETB01,2019-04-01,245.651,2.9,6.8,17.7,-3.1,2.9
83,CUSR0000SETB01,2019-03-01,230.013,-0.6,5.9,2.2,-8.1,-0.6
84,CUSR0000SETB01,2019-02-01,217.237,-9.4,4.1,-8.8,-11.8,-9.4
85,CUSR0000SETB01,2019-01-01,208.73,-11.3,-7.3,-17.7,-13.5,-11.3
86,CUSR0000SETB01,2018-12-01,225.063,-1.7,-5.6,-10.1,-7.4,-1.7
87,CUSR0000SETB01,2018-11-01,238.309,4.1,-6.0,-3.2,-1.7,4.1
88,CUSR0000SETB01,2018-10-01,253.471,15.7,1.2,5.0,6.1,15.7
89,CUSR0000SETB01,2018-09-01,250.369,9.7,1.7,3.0,8.2,9.7
90,CUSR0000SETB01,2018-08-01,246.229,20.9,2.0,1.6,2.7,20.9
91,CUSR0000SETB01,2018-07-01,241.377,25.8,-0.7,1.1,2.6,25.8
92,CUSR0000SETB01,2018-06-01,243.105,24.2,0.3,5.1,6.2,24.2
93,CUSR0000SETB01,2018-05-01,242.344,22.5,1.5,1.1,5.9,22.5
94,CUSR0000SETB01,2018-04-01,238.803,14.2,3.2,1.5,9.0,14.2
95,CUSR0000SETB01,2018-03-01,231.325,9.8,-3.5,1.1,1.3,9.8
96,CUSR0000SETB01,2018-02-01,239.767,12.2,1.9,4.7,17.8,12.2
97,CUSR0000SETB01,2018-01-01,235.325,8.0,2.8,7.5,22.6,8.0
98,CUSR0000SETB01,2017-12-01,228.888,11.0,0.0,0.3,16.9,11.0
99,CUSR0000SETB01,2017-11-01,228.908,14.9,4.5,12.4,15.7,14.9
100,CUSR0000SETB01,2017-10-01,218.99,10.7,-4.1,14.1,4.7,10.7
101,CUSR0000SETB01,2017-09-01,228.252,20.3,12.1,16.6,8.3,20.3
102,CUSR0000SETB01,2017-08-01,203.585,10.8,6.1,2.9,-4.7,10.8
103,CUSR0000SETB01,2017-07-01,191.889,3.5,-2.0,-8.2,-11.9,3.5
104,CUSR0000SETB01,2017-06-01,195.797,-0.3,-1.0,-7.1,-5.1,-0.3
105,CUSR0000SETB01,2017-05-01,197.848,5.4,-5.4,-7.4,-0.7,5.4
106,CUSR0000SETB01,2017-04-01,209.074,13.2,-0.8,-4.0,5.7,13.2
107,CUSR0000SETB01,2017-03-01,210.69,20.3,-1.4,2.2,11.0,20.3
108,CUSR0000SETB01,2017-02-01,213.626,31.3,-2.0,7.2,16.3,31.3
109,CUSR0000SETB01,2017-01-01,217.892,20.1,5.6,10.2,17.5,20.1
110,CUSR0000SETB01,2016-12-01,206.244,8.1,3.5,8.7,5.0,8.1
111,CUSR0000SETB01,2016-11-01,199.22,0.1,0.7,8.4,6.2,0.1
112,CUSR0000SETB01,2016-10-01,197.788,-0.8,4.2,6.6,7.1,-0.8
113,CUSR0000SETB01,2016-09-01,189.766,-6.0,3.3,-3.4,8.3,-6.0
114,CUSR0000SETB01,2016-08-01,183.715,-18.6,-1.0,-2.1,12.9,-18.6
115,CUSR0000SETB01,2016-07-01,185.486,-20.0,-5.6,0.4,2.2,-20.0
116,CUSR0000SETB01,2016-06-01,196.44,-14.9,4.7,12.1,3.0,-14.9
117,CUSR0000SETB01,2016-05-01,187.627,-16.7,1.6,15.3,-5.7,-16.7
118,CUSR0000SETB01,2016-04-01,184.762,-12.7,5.5,1.8,-7.3,-12.7
119,CUSR0000SETB01,2016-03-01,175.164,-18.4,7.6,-8.2,-13.3,-18.4
120,CUSR0000SETB01,2016-02-01,162.727,-21.4,-10.3,-18.2,-27.9,-21.4
121,CUSR0000SETB01,2016-01-01,181.445,-9.1,-4.9,-9.0,-21.7,-9.1
122,CUSR0000SETB01,2015-12-01,190.765,-20.0,-4.1,-5.5,-17.4,-20.0
123,CUSR0000SETB01,2015-11-01,198.984,-24.1,-0.2,-11.8,-11.7,-24.1
124,CUSR0000SETB01,2015-10-01,199.315,-28.4,-1.3,-14.0,-5.8,-28.4
125,CUSR0000SETB01,2015-09-01,201.935,-29.6,-10.5,-12.5,-5.9,-29.6
126,CUSR0000SETB01,2015-08-01,225.725,-23.4,-2.6,0.2,9.1,-23.4
127,CUSR0000SETB01,2015-07-01,231.775,-22.7,0.4,9.5,16.1,-22.7
128,CUSR0000SETB01,2015-06-01,230.871,-23.6,2.5,7.5,-3.2,-23.6
129,CUSR0000SETB01,2015-05-01,225.281,-25.2,6.5,8.9,-14.1,-25.2
130,CUSR0000SETB01,2015-04-01,211.577,-30.7,-1.4,6.0,-24.0,-30.7
131,CUSR0000SETB01,2015-03-01,214.684,-28.5,3.8,-10.0,-25.2,-28.5
132,CUSR0000SETB01,2015-02-01,206.901,-32.2,3.7,-21.1,-29.8,-32.2
133,CUSR0000SETB01,2015-01-01,199.553,-35.3,-16.3,-28.3,-33.4,-35.3
134,CUSR0000SETB01,2014-12-01,238.491,-21.4,-9.1,-16.9,-21.1,-21.4
135,CUSR0000SETB01,2014-11-01,262.282,-11.7,-5.8,-11.0,-12.9,-11.7
136,CUSR0000SETB01,2014-10-01,278.463,-5.8,-3.0,-7.1,-8.8,-5.8
137,CUSR0000SETB01,2014-09-01,287.003,-3.5,-2.6,-5.1,-4.4,-3.5
138,CUSR0000SETB01,2014-08-01,294.803,-2.8,-1.7,-2.2,-3.3,-2.8
139,CUSR0000SETB01,2014-07-01,299.785,0.3,-0.8,-1.8,-2.8,0.3
140,CUSR0000SETB01,2014-06-01,302.293,1.4,0.3,0.7,-0.3,1.4
141,CUSR0000SETB01,2014-05-01,301.296,2.8,-1.3,-1.2,1.4,2.8
142,CUSR0000SETB01,2014-04-01,305.367,3.4,1.7,-1.0,3.3,3.4
143,CUSR0000SETB01,2014-03-01,300.141,-3.3,-1.6,-1.0,0.9,-3.3
144,CUSR0000SETB01,2014-02-01,305.007,-7.4,-1.1,2.6,0.5,-7.4
145,CUSR0000SETB01,2014-01-01,308.4,0.5,1.7,4.3,3.2,0.5
146,CUSR0000SETB01,2013-12-01,303.304,-1.0,2.1,2.0,1.7,-1.0
147,CUSR0000SETB01,2013-11-01,297.183,-5.7,0.5,-2.1,1.4,-5.7
148,CUSR0000SETB01,2013-10-01,295.64,-11.1,-0.6,-1.0,0.1,-11.1
149,CUSR0000SETB01,2013-09-01,297.39,-9.0,-2.0,-0.2,-4.2,-9.0
150,CUSR0000SETB01,2013-08-01,303.409,-2.2,1.6,3.5,-7.8,-2.2
151,CUSR0000SETB01,2013-07-01,298.754,3.9,0.2,1.2,-2.6,3.9
152,CUSR0000SETB01,2013-06-01,298.112,2.3,1.7,-4.0,-2.7,2.3
153,CUSR0000SETB01,2013-05-01,293.131,-3.5,-0.7,-11.0,-7.0,-3.5
154,CUSR0000SETB01,2013-04-01,295.206,-7.6,-4.9,-3.8,-11.3,-7.6
155,CUSR0000SETB01,2013-03-01,310.442,-2.7,-5.7,1.3,-5.0,-2.7
156,CUSR0000SETB01,2013-02-01,329.253,4.0,7.3,4.4,6.1,4.0
157,CUSR0000SETB01,2013-01-01,306.734,0.2,0.1,-7.8,6.7,0.2
158,CUSR0000SETB01,2012-12-01,306.338,1.9,-2.8,-6.3,5.1,1.9
159,CUSR0000SETB01,2012-11-01,315.264,2.2,-5.2,1.6,3.8,2.2
160,CUSR0000SETB01,2012-10-01,332.699,8.7,1.8,15.7,4.2,8.7
161,CUSR0000SETB01,2012-09-01,326.789,5.7,5.3,12.1,2.4,5.7
162,CUSR0000SETB01,2012-08-01,310.365,1.3,8.0,2.2,-2.0,1.3
163,CUSR0000SETB01,2012-07-01,287.505,-5.7,-1.4,-10.0,-6.1,-5.7
164,CUSR0000SETB01,2012-06-01,291.49,-4.2,-4.0,-8.7,-3.1,-4.2
165,CUSR0000SETB01,2012-05-01,303.692,-3.5,-4.9,-4.1,-1.6,-3.5
166,CUSR0000SETB01,2012-04-01,319.414,3.0,0.1,4.3,4.4,3.0
167,CUSR0000SETB01,2012-03-01,319.198,8.2,0.8,6.2,3.2,8.2
168,CUSR0000SETB01,2012-02-01,316.625,13.1,3.4,2.6,3.4,13.1
169,CUSR0000SETB01,2012-01-01,306.17,11.0,1.8,0.1,0.4,11.0
170,CUSR0000SETB01,2011-12-01,300.662,10.7,-2.6,-2.8,-1.2,10.7
171,CUSR0000SETB01,2011-11-01,308.587,20.3,0.9,0.8,-2.0,20.3
172,CUSR0000SETB01,2011-10-01,305.963,22.4,-1.0,0.3,-1.3,22.4
173,CUSR0000SETB01,2011-09-01,309.168,31.2,0.9,1.6,4.8,31.2
174,CUSR0000SETB01,2011-08-01,306.276,31.6,0.5,-2.7,9.4,31.6
175,CUSR0000SETB01,2011-07-01,304.901,33.1,0.2,-1.7,10.5,33.1
176,CUSR0000SETB01,2011-06-01,304.321,36.6,-3.3,3.2,12.1,36.6
177,CUSR0000SETB01,2011-05-01,314.859,38.2,1.5,12.4,22.7,38.2
178,CUSR0000SETB01,2011-04-01,310.115,33.3,5.2,12.4,24.1,33.3
179,CUSR0000SETB01,2011-03-01,294.915,26.5,5.3,8.6,25.1,26.5
180,CUSR0000SETB01,2011-02-01,280.015,18.8,1.5,9.1,20.3,18.8
181,CUSR0000SETB01,2011-01-01,275.816,14.0,1.6,10.4,20.4,14.0
182,CUSR0000SETB01,2010-12-01,271.509,14.4,5.8,15.2,21.9,14.4
183,CUSR0000SETB01,2010-11-01,256.596,7.7,2.7,10.3,12.7,7.7
184,CUSR0000SETB01,2010-10-01,249.885,9.3,6.0,9.1,7.4,9.3
185,CUSR0000SETB01,2010-09-01,235.661,4.2,1.3,5.8,1.1,4.2
186,CUSR0000SETB01,2010-08-01,232.674,4.0,1.6,2.2,-1.3,4.0
187,CUSR0000SETB01,2010-07-01,229.026,8.2,2.8,-1.5,-5.4,8.2
188,CUSR0000SETB01,2010-06-01,222.745,4.5,-2.2,-4.4,-6.1,4.5
189,CUSR0000SETB01,2010-05-01,227.765,28.6,-2.1,-3.4,-4.4,28.6
190,CUSR0000SETB01,2010-04-01,232.594,38.2,-0.2,-3.9,1.7,38.2
191,CUSR0000SETB01,2010-03-01,233.103,39.7,-1.1,-1.7,3.0,39.7
192,CUSR0000SETB01,2010-02-01,235.748,35.4,-2.6,-1.0,5.3,35.4
193,CUSR0000SETB01,2010-01-01,242.036,50.5,2.0,5.9,14.4,50.5
