index,Series_ID,Dt,Value,Per_Change,datekey
0,CUSR0000SA0,2025-07-01,322.13,2.7,20250701
1,CUSR0000SA0,2025-06-01,321.5,2.7,20250601
2,CUSR0000SA0,2025-05-01,320.58,2.4,20250501
3,CUSR0000SA0,2025-04-01,320.32,2.29,20250401
4,CUSR0000SA0,2025-03-01,319.61,2.4,20250301
5,CUSR0000SA0,2025-02-01,319.77,2.79,20250201
6,CUSR0000SA0,2025-01-01,319.09,3.0,20250101
7,CUSR0000SA0,2024-12-01,317.6,2.9,20241201
8,CUSR0000SA0,2024-11-01,316.45,2.7,20241101
9,CUSR0000SA0,2024-10-01,315.56,2.59,20241001
10,CUSR0000SA0,2024-09-01,314.85,2.4,20240901
11,CUSR0000SA0,2024-08-01,314.13,2.59,20240801
12,CUSR0000SA0,2024-07-01,313.57,2.9,20240701
13,CUSR0000SA0,2024-06-01,313.13,3.0,20240601
14,CUSR0000SA0,2024-05-01,313.14,3.2,20240501
15,CUSR0000SA0,2024-04-01,313.02,3.4,20240401
16,CUSR0000SA0,2024-03-01,312.11,3.5,20240301
17,CUSR0000SA0,2024-02-01,311.02,3.2,20240201
18,CUSR0000SA0,2024-01-01,309.79,3.09,20240101
19,CUSR0000SA0,2023-12-01,308.73,3.29,20231201
20,CUSR0000SA0,2023-11-01,308.09,3.09,20231101
21,CUSR0000SA0,2023-10-01,307.65,3.2,20231001
22,CUSR0000SA0,2023-09-01,307.37,3.7,20230901
23,CUSR0000SA0,2023-08-01,306.14,3.7,20230801
24,CUSR0000SA0,2023-07-01,304.61,3.29,20230701
25,CUSR0000SA0,2023-06-01,304.1,3.09,20230601
26,CUSR0000SA0,2023-05-01,303.32,4.09,20230501
27,CUSR0000SA0,2023-04-01,302.86,4.9,20230401
28,CUSR0000SA0,2023-03-01,301.64,4.9,20230301
29,CUSR0000SA0,2023-02-01,301.48,6.0,20230201
30,CUSR0000SA0,2023-01-01,300.46,6.3,20230101
31,CUSR0000SA0,2022-12-01,298.81,6.4,20221201
32,CUSR0000SA0,2022-11-01,298.71,7.09,20221101
33,CUSR0000SA0,2022-10-01,297.98,7.8,20221001
34,CUSR0000SA0,2022-09-01,296.42,8.19,20220901
35,CUSR0000SA0,2022-08-01,295.16,8.19,20220801
36,CUSR0000SA0,2022-07-01,294.94,8.39,20220701
37,CUSR0000SA0,2022-06-01,295.07,9.0,20220601
38,CUSR0000SA0,2022-05-01,291.3,8.5,20220501
39,CUSR0000SA0,2022-04-01,288.58,8.19,20220401
40,CUSR0000SA0,2022-03-01,287.47,8.5,20220301
41,CUSR0000SA0,2022-02-01,284.52,7.9,20220201
42,CUSR0000SA0,2022-01-01,282.54,7.59,20220101
43,CUSR0000SA0,2021-12-01,280.81,7.19,20211201
44,CUSR0000SA0,2021-11-01,278.82,6.9,20211101
45,CUSR0000SA0,2021-10-01,276.53,6.19,20211001
46,CUSR0000SA0,2021-09-01,273.94,5.4,20210901
47,CUSR0000SA0,2021-08-01,272.75,5.19,20210801
48,CUSR0000SA0,2021-07-01,271.96,5.3,20210701
49,CUSR0000SA0,2021-06-01,270.71,5.3,20210601
50,CUSR0000SA0,2021-05-01,268.4,4.9,20210501
51,CUSR0000SA0,2021-04-01,266.62,4.09,20210401
52,CUSR0000SA0,2021-03-01,264.85,2.59,20210301
53,CUSR0000SA0,2021-02-01,263.57,1.7,20210201
54,CUSR0000SA0,2021-01-01,262.64,1.39,20210101
55,CUSR0000SA0,2020-12-01,262.05,1.29,20201201
56,CUSR0000SA0,2020-11-01,260.91,1.2,20201101
57,CUSR0000SA0,2020-10-01,260.32,1.2,20201001
58,CUSR0000SA0,2020-09-01,260.0,1.39,20200901
59,CUSR0000SA0,2020-08-01,259.32,1.29,20200801
60,CUSR0000SA0,2020-07-01,258.35,1.0,20200701
61,CUSR0000SA0,2020-06-01,257.04,0.69,20200601
62,CUSR0000SA0,2020-05-01,255.8,0.2,20200501
63,CUSR0000SA0,2020-04-01,256.03,0.3,20200401
64,CUSR0000SA0,2020-03-01,258.08,1.5,20200301
65,CUSR0000SA0,2020-02-01,259.25,2.29,20200201
66,CUSR0000SA0,2020-01-01,259.13,2.59,20200101
67,CUSR0000SA0,2019-12-01,258.63,2.29,20191201
68,CUSR0000SA0,2019-11-01,257.88,2.09,20191101
69,CUSR0000SA0,2019-10-01,257.15,1.7,20191001
70,CUSR0000SA0,2019-09-01,256.43,1.7,20190901
71,CUSR0000SA0,2019-08-01,256.04,1.7,20190801
72,CUSR0000SA0,2019-07-01,255.8,1.79,20190701
73,CUSR0000SA0,2019-06-01,255.21,1.7,20190601
74,CUSR0000SA0,2019-05-01,255.3,1.79,20190501
75,CUSR0000SA0,2019-04-01,255.23,2.0,20190401
76,CUSR0000SA0,2019-03-01,254.28,1.89,20190301
77,CUSR0000SA0,2019-02-01,253.32,1.5,20190201
78,CUSR0000SA0,2019-01-01,252.56,1.5,20190101
79,CUSR0000SA0,2018-12-01,252.77,2.0,20181201
80,CUSR0000SA0,2018-11-01,252.59,2.09,20181101
81,CUSR0000SA0,2018-10-01,252.77,2.5,20181001
82,CUSR0000SA0,2018-09-01,252.18,2.29,20180901
83,CUSR0000SA0,2018-08-01,251.66,2.59,20180801
84,CUSR0000SA0,2018-07-01,251.21,2.9,20180701
85,CUSR0000SA0,2018-06-01,251.02,2.79,20180601
86,CUSR0000SA0,2018-05-01,250.79,2.79,20180501
87,CUSR0000SA0,2018-04-01,250.23,2.5,20180401
88,CUSR0000SA0,2018-03-01,249.58,2.29,20180301
89,CUSR0000SA0,2018-02-01,249.53,2.29,20180201
90,CUSR0000SA0,2018-01-01,248.86,2.2,20180101
91,CUSR0000SA0,2017-12-01,247.8,2.09,20171201
92,CUSR0000SA0,2017-11-01,247.28,2.2,20171101
93,CUSR0000SA0,2017-10-01,246.63,2.0,20171001
94,CUSR0000SA0,2017-09-01,246.43,2.2,20170901
95,CUSR0000SA0,2017-08-01,245.18,1.89,20170801
96,CUSR0000SA0,2017-07-01,244.24,1.7,20170701
97,CUSR0000SA0,2017-06-01,244.16,1.6,20170601
98,CUSR0000SA0,2017-05-01,244.0,1.89,20170501
99,CUSR0000SA0,2017-04-01,244.19,2.2,20170401
100,CUSR0000SA0,2017-03-01,243.89,2.4,20170301
101,CUSR0000SA0,2017-02-01,244.01,2.79,20170201
102,CUSR0000SA0,2017-01-01,243.62,2.5,20170101
103,CUSR0000SA0,2016-12-01,242.64,2.09,20161201
104,CUSR0000SA0,2016-11-01,242.03,1.7,20161101
105,CUSR0000SA0,2016-10-01,241.74,1.7,20161001
106,CUSR0000SA0,2016-09-01,241.18,1.5,20160901
107,CUSR0000SA0,2016-08-01,240.54,1.1,20160801
108,CUSR0000SA0,2016-07-01,240.1,0.89,20160701
109,CUSR0000SA0,2016-06-01,240.22,1.1,20160601
110,CUSR0000SA0,2016-05-01,239.56,1.1,20160501
111,CUSR0000SA0,2016-04-01,238.99,1.2,20160401
112,CUSR0000SA0,2016-03-01,238.08,0.89,20160301
113,CUSR0000SA0,2016-02-01,237.34,0.8,20160201
114,CUSR0000SA0,2016-01-01,237.65,1.2,20160101
115,CUSR0000SA0,2015-12-01,237.76,0.6,20151201
116,CUSR0000SA0,2015-11-01,238.02,0.4,20151101
117,CUSR0000SA0,2015-10-01,237.73,0.1,20151001
118,CUSR0000SA0,2015-09-01,237.5,0.0,20150901
119,CUSR0000SA0,2015-08-01,238.03,0.2,20150801
120,CUSR0000SA0,2015-07-01,238.03,0.2,20150701
121,CUSR0000SA0,2015-06-01,237.66,0.2,20150601
122,CUSR0000SA0,2015-05-01,237.0,0.0,20150501
123,CUSR0000SA0,2015-04-01,236.22,-0.1,20150401
124,CUSR0000SA0,2015-03-01,235.98,0.0,20150301
125,CUSR0000SA0,2015-02-01,235.34,-0.1,20150201
126,CUSR0000SA0,2015-01-01,234.75,-0.2,20150101
127,CUSR0000SA0,2014-12-01,236.25,0.69,20141201
128,CUSR0000SA0,2014-11-01,236.98,1.2,20141101
129,CUSR0000SA0,2014-10-01,237.43,1.6,20141001
130,CUSR0000SA0,2014-09-01,237.48,1.7,20140901
131,CUSR0000SA0,2014-08-01,237.46,1.7,20140801
132,CUSR0000SA0,2014-07-01,237.5,2.0,20140701
133,CUSR0000SA0,2014-06-01,237.23,2.09,20140601
134,CUSR0000SA0,2014-05-01,236.92,2.2,20140501
135,CUSR0000SA0,2014-04-01,236.47,2.0,20140401
136,CUSR0000SA0,2014-03-01,236.03,1.6,20140301
137,CUSR0000SA0,2014-02-01,235.55,1.1,20140201
138,CUSR0000SA0,2014-01-01,235.29,1.6,20140101
139,CUSR0000SA0,2013-12-01,234.72,1.5,20131201
140,CUSR0000SA0,2013-11-01,234.1,1.2,20131101
141,CUSR0000SA0,2013-10-01,233.67,0.89,20131001
142,CUSR0000SA0,2013-09-01,233.54,1.1,20130901
143,CUSR0000SA0,2013-08-01,233.46,1.5,20130801
144,CUSR0000SA0,2013-07-01,232.9,1.89,20130701
145,CUSR0000SA0,2013-06-01,232.45,1.7,20130601
146,CUSR0000SA0,2013-05-01,231.89,1.39,20130501
147,CUSR0000SA0,2013-04-01,231.8,1.1,20130401
148,CUSR0000SA0,2013-03-01,232.28,1.5,20130301
149,CUSR0000SA0,2013-02-01,232.94,2.0,20130201
150,CUSR0000SA0,2013-01-01,231.68,1.7,20130101
151,CUSR0000SA0,2012-12-01,231.22,1.79,20121201
152,CUSR0000SA0,2012-11-01,231.25,1.79,20121101
153,CUSR0000SA0,2012-10-01,231.64,2.2,20121001
154,CUSR0000SA0,2012-09-01,231.01,1.89,20120901
155,CUSR0000SA0,2012-08-01,229.92,1.7,20120801
156,CUSR0000SA0,2012-07-01,228.59,1.39,20120701
157,CUSR0000SA0,2012-06-01,228.52,1.7,20120601
158,CUSR0000SA0,2012-05-01,228.71,1.7,20120501
159,CUSR0000SA0,2012-04-01,229.19,2.29,20120401
160,CUSR0000SA0,2012-03-01,228.81,2.59,20120301
161,CUSR0000SA0,2012-02-01,228.33,2.9,20120201
162,CUSR0000SA0,2012-01-01,227.84,3.0,20120101
163,CUSR0000SA0,2011-12-01,227.22,3.09,20111201
164,CUSR0000SA0,2011-11-01,227.17,3.5,20111101
165,CUSR0000SA0,2011-10-01,226.75,3.5,20111001
166,CUSR0000SA0,2011-09-01,226.6,3.79,20110901
167,CUSR0000SA0,2011-08-01,226.11,3.79,20110801
168,CUSR0000SA0,2011-07-01,225.4,3.59,20110701
169,CUSR0000SA0,2011-06-01,224.81,3.5,20110601
170,CUSR0000SA0,2011-05-01,224.81,3.5,20110501
171,CUSR0000SA0,2011-04-01,224.09,3.09,20110401
172,CUSR0000SA0,2011-03-01,223.05,2.59,20110301
173,CUSR0000SA0,2011-02-01,221.9,2.09,20110201
174,CUSR0000SA0,2011-01-01,221.19,1.7,20110101
175,CUSR0000SA0,2010-12-01,220.47,1.39,20101201
176,CUSR0000SA0,2010-11-01,219.59,1.1,20101101
177,CUSR0000SA0,2010-10-01,219.04,1.2,20101001
178,CUSR0000SA0,2010-09-01,218.27,1.1,20100901
179,CUSR0000SA0,2010-08-01,217.92,1.2,20100801
180,CUSR0000SA0,2010-07-01,217.6,1.29,20100701
181,CUSR0000SA0,2010-06-01,217.2,1.1,20100601
182,CUSR0000SA0,2010-05-01,217.29,2.0,20100501
183,CUSR0000SA0,2010-04-01,217.4,2.2,20100401
184,CUSR0000SA0,2010-03-01,217.35,2.29,20100301
185,CUSR0000SA0,2010-02-01,217.28,2.2,20100201
186,CUSR0000SA0,2010-01-01,217.49,2.59,20100101
187,CUSR0000SETB01,2025-07-01,266.01,-9.5,20250701
188,CUSR0000SETB01,2025-06-01,271.91,-8.3,20250601
189,CUSR0000SETB01,2025-05-01,269.19,-12.0,20250501
190,CUSR0000SETB01,2025-04-01,276.51,-11.8,20250401
191,CUSR0000SETB01,2025-03-01,276.77,-9.8,20250301
192,CUSR0000SETB01,2025-02-01,295.23,-3.09,20250201
193,CUSR0000SETB01,2025-01-01,298.08,-0.2,20250101
194,CUSR0000SETB01,2024-12-01,292.94,-3.29,20241201
195,CUSR0000SETB01,2024-11-01,281.61,-8.1,20241101
196,CUSR0000SETB01,2024-10-01,280.81,-12.19,20241001
197,CUSR0000SETB01,2024-09-01,283.59,-15.19,20240901
198,CUSR0000SETB01,2024-08-01,290.35,-10.39,20240801
199,CUSR0000SETB01,2024-07-01,293.81,-2.29,20240701
200,CUSR0000SETB01,2024-06-01,296.48,-2.4,20240601
201,CUSR0000SETB01,2024-05-01,305.73,2.29,20240501
202,CUSR0000SETB01,2024-04-01,313.35,1.0,20240401
203,CUSR0000SETB01,2024-03-01,306.74,0.8,20240301
204,CUSR0000SETB01,2024-02-01,304.62,-3.9,20240201
205,CUSR0000SETB01,2024-01-01,298.6,-6.0,20240101
206,CUSR0000SETB01,2023-12-01,302.87,-1.7,20231201
207,CUSR0000SETB01,2023-11-01,306.35,-8.6,20231101
208,CUSR0000SETB01,2023-10-01,319.83,-5.19,20231001
209,CUSR0000SETB01,2023-09-01,334.48,3.09,20230901
210,CUSR0000SETB01,2023-08-01,324.02,-3.59,20230801
211,CUSR0000SETB01,2023-07-01,300.58,-20.1,20230701
212,CUSR0000SETB01,2023-06-01,303.73,-26.5,20230601
213,CUSR0000SETB01,2023-05-01,298.88,-19.6,20230501
214,CUSR0000SETB01,2023-04-01,310.28,-12.3,20230401
215,CUSR0000SETB01,2023-03-01,304.29,-17.7,20230301
216,CUSR0000SETB01,2023-02-01,317.12,-2.0,20230201
217,CUSR0000SETB01,2023-01-01,317.69,1.79,20230101
218,CUSR0000SETB01,2022-12-01,308.14,-1.29,20221201
219,CUSR0000SETB01,2022-11-01,335.33,10.6,20221101
220,CUSR0000SETB01,2022-10-01,337.26,17.7,20221001
221,CUSR0000SETB01,2022-09-01,324.55,18.39,20220901
222,CUSR0000SETB01,2022-08-01,336.27,25.2,20220801
223,CUSR0000SETB01,2022-07-01,376.18,43.4,20220701
224,CUSR0000SETB01,2022-06-01,413.1,59.79,20220601
225,CUSR0000SETB01,2022-05-01,371.84,48.59,20220501
226,CUSR0000SETB01,2022-04-01,353.73,43.5,20220401
227,CUSR0000SETB01,2022-03-01,369.8,47.4,20220301
228,CUSR0000SETB01,2022-02-01,323.73,38.29,20220201
229,CUSR0000SETB01,2022-01-01,311.99,40.9,20220101
230,CUSR0000SETB01,2021-12-01,312.26,49.59,20211201
231,CUSR0000SETB01,2021-11-01,303.21,58.09,20211101
232,CUSR0000SETB01,2021-10-01,286.56,49.59,20211001
233,CUSR0000SETB01,2021-09-01,274.22,42.0,20210901
234,CUSR0000SETB01,2021-08-01,268.57,42.59,20210801
235,CUSR0000SETB01,2021-07-01,262.37,41.79,20210701
236,CUSR0000SETB01,2021-06-01,258.45,45.09,20210601
237,CUSR0000SETB01,2021-05-01,250.21,56.09,20210501
238,CUSR0000SETB01,2021-04-01,246.43,49.5,20210401
239,CUSR0000SETB01,2021-03-01,250.83,22.39,20210301
240,CUSR0000SETB01,2021-02-01,234.08,1.5,20210201
241,CUSR0000SETB01,2021-01-01,221.46,-8.6,20210101
242,CUSR0000SETB01,2020-12-01,208.75,-14.5,20201201
243,CUSR0000SETB01,2020-11-01,191.82,-19.0,20201101
244,CUSR0000SETB01,2020-10-01,191.52,-17.6,20201001
245,CUSR0000SETB01,2020-09-01,193.07,-15.39,20200901
246,CUSR0000SETB01,2020-08-01,188.32,-18.0,20200801
247,CUSR0000SETB01,2020-07-01,185.07,-21.29,20200701
248,CUSR0000SETB01,2020-06-01,178.17,-23.1,20200601
249,CUSR0000SETB01,2020-05-01,160.26,-33.9,20200501
250,CUSR0000SETB01,2020-04-01,164.84,-32.9,20200401
251,CUSR0000SETB01,2020-03-01,204.9,-10.89,20200301
252,CUSR0000SETB01,2020-02-01,230.65,6.19,20200201
253,CUSR0000SETB01,2020-01-01,242.4,16.1,20200101
254,CUSR0000SETB01,2019-12-01,244.2,8.5,20191201
255,CUSR0000SETB01,2019-11-01,236.92,-0.6,20191101
256,CUSR0000SETB01,2019-10-01,232.35,-8.3,20191001
257,CUSR0000SETB01,2019-09-01,228.23,-8.8,20190901
258,CUSR0000SETB01,2019-08-01,229.73,-6.69,20190801
259,CUSR0000SETB01,2019-07-01,235.1,-2.59,20190701
260,CUSR0000SETB01,2019-06-01,231.69,-4.69,20190601
261,CUSR0000SETB01,2019-05-01,242.56,0.1,20190501
262,CUSR0000SETB01,2019-04-01,245.65,2.9,20190401
263,CUSR0000SETB01,2019-03-01,230.01,-0.6,20190301
264,CUSR0000SETB01,2019-02-01,217.24,-9.39,20190201
265,CUSR0000SETB01,2019-01-01,208.73,-11.3,20190101
266,CUSR0000SETB01,2018-12-01,225.06,-1.7,20181201
267,CUSR0000SETB01,2018-11-01,238.31,4.09,20181101
268,CUSR0000SETB01,2018-10-01,253.47,15.69,20181001
269,CUSR0000SETB01,2018-09-01,250.37,9.69,20180901
270,CUSR0000SETB01,2018-08-01,246.23,20.89,20180801
271,CUSR0000SETB01,2018-07-01,241.38,25.79,20180701
272,CUSR0000SETB01,2018-06-01,243.1,24.2,20180601
273,CUSR0000SETB01,2018-05-01,242.34,22.5,20180501
274,CUSR0000SETB01,2018-04-01,238.8,14.19,20180401
275,CUSR0000SETB01,2018-03-01,231.32,9.8,20180301
276,CUSR0000SETB01,2018-02-01,239.77,12.19,20180201
277,CUSR0000SETB01,2018-01-01,235.32,8.0,20180101
278,CUSR0000SETB01,2017-12-01,228.89,11.0,20171201
279,CUSR0000SETB01,2017-11-01,228.91,14.89,20171101
280,CUSR0000SETB01,2017-10-01,218.99,10.69,20171001
281,CUSR0000SETB01,2017-09-01,228.25,20.29,20170901
282,CUSR0000SETB01,2017-08-01,203.59,10.8,20170801
283,CUSR0000SETB01,2017-07-01,191.89,3.5,20170701
284,CUSR0000SETB01,2017-06-01,195.8,-0.3,20170601
285,CUSR0000SETB01,2017-05-01,197.85,5.4,20170501
286,CUSR0000SETB01,2017-04-01,209.07,13.19,20170401
287,CUSR0000SETB01,2017-03-01,210.69,20.29,20170301
288,CUSR0000SETB01,2017-02-01,213.63,31.29,20170201
289,CUSR0000SETB01,2017-01-01,217.89,20.1,20170101
290,CUSR0000SETB01,2016-12-01,206.24,8.1,20161201
291,CUSR0000SETB01,2016-11-01,199.22,0.1,20161101
292,CUSR0000SETB01,2016-10-01,197.79,-0.8,20161001
293,CUSR0000SETB01,2016-09-01,189.77,-6.0,20160901
294,CUSR0000SETB01,2016-08-01,183.71,-18.6,20160801
295,CUSR0000SETB01,2016-07-01,185.49,-20.0,20160701
296,CUSR0000SETB01,2016-06-01,196.44,-14.89,20160601
297,CUSR0000SETB01,2016-05-01,187.63,-16.7,20160501
298,CUSR0000SETB01,2016-04-01,184.76,-12.69,20160401
299,CUSR0000SETB01,2016-03-01,175.16,-18.39,20160301
300,CUSR0000SETB01,2016-02-01,162.73,-21.39,20160201
301,CUSR0000SETB01,2016-01-01,181.45,-9.1,20160101
302,CUSR0000SETB01,2015-12-01,190.76,-20.0,20151201
303,CUSR0000SETB01,2015-11-01,198.98,-24.1,20151101
304,CUSR0000SETB01,2015-10-01,199.32,-28.39,20151001
305,CUSR0000SETB01,2015-09-01,201.93,-29.6,20150901
306,CUSR0000SETB01,2015-08-01,225.73,-23.39,20150801
307,CUSR0000SETB01,2015-07-01,231.77,-22.7,20150701
308,CUSR0000SETB01,2015-06-01,230.87,-23.6,20150601
309,CUSR0000SETB01,2015-05-01,225.28,-25.2,20150501
310,CUSR0000SETB01,2015-04-01,211.58,-30.7,20150401
311,CUSR0000SETB01,2015-03-01,214.68,-28.5,20150301
312,CUSR0000SETB01,2015-02-01,206.9,-32.2,20150201
313,CUSR0000SETB01,2015-01-01,199.55,-35.29,20150101
314,CUSR0000SETB01,2014-12-01,238.49,-21.39,20141201
315,CUSR0000SETB01,2014-11-01,262.28,-11.69,20141101
316,CUSR0000SETB01,2014-10-01,278.46,-5.8,20141001
317,CUSR0000SETB01,2014-09-01,287.0,-3.5,20140901
318,CUSR0000SETB01,2014-08-01,294.8,-2.79,20140801
319,CUSR0000SETB01,2014-07-01,299.79,0.3,20140701
320,CUSR0000SETB01,2014-06-01,302.29,1.39,20140601
321,CUSR0000SETB01,2014-05-01,301.3,2.79,20140501
322,CUSR0000SETB01,2014-04-01,305.37,3.4,20140401
323,CUSR0000SETB01,2014-03-01,300.14,-3.29,20140301
324,CUSR0000SETB01,2014-02-01,305.01,-7.4,20140201
325,CUSR0000SETB01,2014-01-01,308.4,0.5,20140101
326,CUSR0000SETB01,2013-12-01,303.3,-1.0,20131201
327,CUSR0000SETB01,2013-11-01,297.18,-5.69,20131101
328,CUSR0000SETB01,2013-10-01,295.64,-11.1,20131001
329,CUSR0000SETB01,2013-09-01,297.39,-9.0,20130901
330,CUSR0000SETB01,2013-08-01,303.41,-2.2,20130801
331,CUSR0000SETB01,2013-07-01,298.75,3.9,20130701
332,CUSR0000SETB01,2013-06-01,298.11,2.29,20130601
333,CUSR0000SETB01,2013-05-01,293.13,-3.5,20130501
334,CUSR0000SETB01,2013-04-01,295.21,-7.59,20130401
335,CUSR0000SETB01,2013-03-01,310.44,-2.7,20130301
336,CUSR0000SETB01,2013-02-01,329.25,4.0,20130201
337,CUSR0000SETB01,2013-01-01,306.73,0.2,20130101
338,CUSR0000SETB01,2012-12-01,306.34,1.89,20121201
339,CUSR0000SETB01,2012-11-01,315.26,2.2,20121101
340,CUSR0000SETB01,2012-10-01,332.7,8.69,20121001
341,CUSR0000SETB01,2012-09-01,326.79,5.69,20120901
342,CUSR0000SETB01,2012-08-01,310.36,1.29,20120801
343,CUSR0000SETB01,2012-07-01,287.51,-5.69,20120701
344,CUSR0000SETB01,2012-06-01,291.49,-4.19,20120601
345,CUSR0000SETB01,2012-05-01,303.69,-3.5,20120501
346,CUSR0000SETB01,2012-04-01,319.41,3.0,20120401
347,CUSR0000SETB01,2012-03-01,319.2,8.19,20120301
348,CUSR0000SETB01,2012-02-01,316.62,13.1,20120201
349,CUSR0000SETB01,2012-01-01,306.17,11.0,20120101
350,CUSR0000SETB01,2011-12-01,300.66,10.69,20111201
351,CUSR0000SETB01,2011-11-01,308.59,20.29,20111101
352,CUSR0000SETB01,2011-10-01,305.96,22.39,20111001
353,CUSR0000SETB01,2011-09-01,309.17,31.2,20110901
354,CUSR0000SETB01,2011-08-01,306.28,31.6,20110801
355,CUSR0000SETB01,2011-07-01,304.9,33.09,20110701
356,CUSR0000SETB01,2011-06-01,304.32,36.59,20110601
357,CUSR0000SETB01,2011-05-01,314.86,38.2,20110501
358,CUSR0000SETB01,2011-04-01,310.11,33.29,20110401
359,CUSR0000SETB01,2011-03-01,294.92,26.5,20110301
360,CUSR0000SETB01,2011-02-01,280.02,18.79,20110201
361,CUSR0000SETB01,2011-01-01,275.82,14.0,20110101
362,CUSR0000SETB01,2010-12-01,271.51,14.39,20101201
363,CUSR0000SETB01,2010-11-01,256.6,7.69,20101101
364,CUSR0000SETB01,2010-10-01,249.88,9.3,20101001
365,CUSR0000SETB01,2010-09-01,235.66,4.19,20100901
366,CUSR0000SETB01,2010-08-01,232.67,4.0,20100801
367,CUSR0000SETB01,2010-07-01,229.03,8.19,20100701
368,CUSR0000SETB01,2010-06-01,222.74,4.5,20100601
369,CUSR0000SETB01,2010-05-01,227.76,28.6,20100501
370,CUSR0000SETB01,2010-04-01,232.59,38.2,20100401
371,CUSR0000SETB01,2010-03-01,233.1,39.7,20100301
372,CUSR0000SETB01,2010-02-01,235.75,35.4,20100201
373,CUSR0000SETB01,2010-01-01,242.04,50.5,20100101
374,CUSR0000SAF1,2025-07-01,339.65,2.9,20250701
375,CUSR0000SAF1,2025-06-01,339.5,3.0,20250601
376,CUSR0000SAF1,2025-05-01,338.39,2.9,20250501
377,CUSR0000SAF1,2025-04-01,337.42,2.7,20250401
378,CUSR0000SAF1,2025-03-01,337.69,3.0,20250301
379,CUSR0000SAF1,2025-02-01,336.22,2.59,20250201
380,CUSR0000SAF1,2025-01-01,335.67,2.5,20250101
381,CUSR0000SAF1,2024-12-01,334.46,2.5,20241201
382,CUSR0000SAF1,2024-11-01,333.49,2.4,20241101
383,CUSR0000SAF1,2024-10-01,332.42,2.09,20241001
384,CUSR0000SAF1,2024-09-01,331.72,2.29,20240901
385,CUSR0000SAF1,2024-08-01,330.64,2.09,20240801
386,CUSR0000SAF1,2024-07-01,330.14,2.2,20240701
387,CUSR0000SAF1,2024-06-01,329.65,2.2,20240601
388,CUSR0000SAF1,2024-05-01,328.86,2.2,20240501
389,CUSR0000SAF1,2024-04-01,328.41,2.2,20240401
390,CUSR0000SAF1,2024-03-01,328.0,2.2,20240301
391,CUSR0000SAF1,2024-02-01,327.8,2.2,20240201
392,CUSR0000SAF1,2024-01-01,327.58,2.59,20240101
393,CUSR0000SAF1,2023-12-01,326.44,2.7,20231201
394,CUSR0000SAF1,2023-11-01,325.81,2.9,20231101
395,CUSR0000SAF1,2023-10-01,325.42,3.29,20231001
396,CUSR0000SAF1,2023-09-01,324.33,3.7,20230901
397,CUSR0000SAF1,2023-08-01,323.96,4.3,20230801
398,CUSR0000SAF1,2023-07-01,323.05,4.9,20230701
399,CUSR0000SAF1,2023-06-01,322.41,5.8,20230601
400,CUSR0000SAF1,2023-05-01,321.93,6.69,20230501
401,CUSR0000SAF1,2023-04-01,321.21,7.69,20230401
402,CUSR0000SAF1,2023-03-01,320.8,8.5,20230301
403,CUSR0000SAF1,2023-02-01,320.65,9.39,20230201
404,CUSR0000SAF1,2023-01-01,319.42,10.1,20230101
405,CUSR0000SAF1,2022-12-01,317.8,10.39,20221201
406,CUSR0000SAF1,2022-11-01,316.5,10.6,20221101
407,CUSR0000SAF1,2022-10-01,315.02,10.89,20221001
408,CUSR0000SAF1,2022-09-01,312.83,11.19,20220901
409,CUSR0000SAF1,2022-08-01,310.74,11.39,20220801
410,CUSR0000SAF1,2022-07-01,308.08,10.89,20220701
411,CUSR0000SAF1,2022-06-01,304.85,10.5,20220601
412,CUSR0000SAF1,2022-05-01,301.68,10.1,20220501
413,CUSR0000SAF1,2022-04-01,298.36,9.39,20220401
414,CUSR0000SAF1,2022-03-01,295.71,8.8,20220301
415,CUSR0000SAF1,2022-02-01,292.98,7.9,20220201
416,CUSR0000SAF1,2022-01-01,290.14,7.0,20220101
417,CUSR0000SAF1,2021-12-01,287.8,6.3,20211201
418,CUSR0000SAF1,2021-11-01,286.06,6.09,20211101
419,CUSR0000SAF1,2021-10-01,283.97,5.3,20211001
420,CUSR0000SAF1,2021-09-01,281.3,4.59,20210901
421,CUSR0000SAF1,2021-08-01,278.98,3.7,20210801
422,CUSR0000SAF1,2021-07-01,277.76,3.4,20210701
423,CUSR0000SAF1,2021-06-01,276.0,2.4,20210601
424,CUSR0000SAF1,2021-05-01,273.89,2.2,20210501
425,CUSR0000SAF1,2021-04-01,272.76,2.4,20210401
426,CUSR0000SAF1,2021-03-01,271.76,3.5,20210301
427,CUSR0000SAF1,2021-02-01,271.5,3.59,20210201
428,CUSR0000SAF1,2021-01-01,271.22,3.79,20210101
429,CUSR0000SAF1,2020-12-01,270.78,4.0,20201201
430,CUSR0000SAF1,2020-11-01,269.64,3.7,20201101
431,CUSR0000SAF1,2020-10-01,269.65,3.9,20201001
432,CUSR0000SAF1,2020-09-01,269.04,3.9,20200901
433,CUSR0000SAF1,2020-08-01,268.96,4.09,20200801
434,CUSR0000SAF1,2020-07-01,268.53,4.09,20200701
435,CUSR0000SAF1,2020-06-01,269.55,4.5,20200601
436,CUSR0000SAF1,2020-05-01,268.09,4.0,20200501
437,CUSR0000SAF1,2020-04-01,266.37,3.5,20200401
438,CUSR0000SAF1,2020-03-01,262.62,1.89,20200301
439,CUSR0000SAF1,2020-02-01,261.96,1.79,20200201
440,CUSR0000SAF1,2020-01-01,261.29,1.89,20200101
441,CUSR0000SAF1,2019-12-01,260.48,1.79,20191201
442,CUSR0000SAF1,2019-11-01,260.05,2.0,20191101
443,CUSR0000SAF1,2019-10-01,259.43,2.09,20191001
444,CUSR0000SAF1,2019-09-01,258.86,1.79,20190901
445,CUSR0000SAF1,2019-08-01,258.29,1.7,20190801
446,CUSR0000SAF1,2019-07-01,258.06,1.79,20190701
447,CUSR0000SAF1,2019-06-01,257.95,1.89,20190601
448,CUSR0000SAF1,2019-05-01,257.82,2.0,20190501
449,CUSR0000SAF1,2019-04-01,257.33,1.79,20190401
450,CUSR0000SAF1,2019-03-01,257.68,2.09,20190301
451,CUSR0000SAF1,2019-02-01,257.25,2.0,20190201
452,CUSR0000SAF1,2019-01-01,256.53,1.6,20190101
453,CUSR0000SAF1,2018-12-01,255.88,1.7,20181201
454,CUSR0000SAF1,2018-11-01,254.89,1.5,20181101
455,CUSR0000SAF1,2018-10-01,254.17,1.2,20181001
456,CUSR0000SAF1,2018-09-01,254.3,1.39,20180901
457,CUSR0000SAF1,2018-08-01,253.95,1.39,20180801
458,CUSR0000SAF1,2018-07-01,253.6,1.39,20180701
459,CUSR0000SAF1,2018-06-01,253.17,1.39,20180601
460,CUSR0000SAF1,2018-05-01,252.86,1.2,20180501
461,CUSR0000SAF1,2018-04-01,252.87,1.29,20180401
462,CUSR0000SAF1,2018-03-01,252.37,1.29,20180301
463,CUSR0000SAF1,2018-02-01,252.26,1.39,20180201
464,CUSR0000SAF1,2018-01-01,252.38,1.7,20180101
465,CUSR0000SAF1,2017-12-01,251.72,1.6,20171201
466,CUSR0000SAF1,2017-11-01,251.2,1.39,20171101
467,CUSR0000SAF1,2017-10-01,251.05,1.29,20171001
468,CUSR0000SAF1,2017-09-01,250.83,1.2,20170901
469,CUSR0000SAF1,2017-08-01,250.47,1.1,20170801
470,CUSR0000SAF1,2017-07-01,250.18,1.0,20170701
471,CUSR0000SAF1,2017-06-01,249.77,0.8,20170601
472,CUSR0000SAF1,2017-05-01,249.97,0.89,20170501
473,CUSR0000SAF1,2017-04-01,249.59,0.5,20170401
474,CUSR0000SAF1,2017-03-01,249.24,0.5,20170301
475,CUSR0000SAF1,2017-02-01,248.74,0.1,20170201
476,CUSR0000SAF1,2017-01-01,248.07,-0.1,20170101
477,CUSR0000SAF1,2016-12-01,247.73,-0.2,20161201
478,CUSR0000SAF1,2016-11-01,247.74,-0.3,20161101
479,CUSR0000SAF1,2016-10-01,247.81,-0.4,20161001
480,CUSR0000SAF1,2016-09-01,247.77,-0.3,20160901
481,CUSR0000SAF1,2016-08-01,247.75,0.0,20160801
482,CUSR0000SAF1,2016-07-01,247.66,0.2,20160701
483,CUSR0000SAF1,2016-06-01,247.68,0.3,20160601
484,CUSR0000SAF1,2016-05-01,247.86,0.69,20160501
485,CUSR0000SAF1,2016-04-01,248.24,0.89,20160401
486,CUSR0000SAF1,2016-03-01,248.03,0.8,20160301
487,CUSR0000SAF1,2016-02-01,248.61,0.89,20160201
488,CUSR0000SAF1,2016-01-01,248.35,0.89,20160101
489,CUSR0000SAF1,2015-12-01,248.21,0.8,20151201
490,CUSR0000SAF1,2015-11-01,248.52,1.29,20151101
491,CUSR0000SAF1,2015-10-01,248.76,1.6,20151001
492,CUSR0000SAF1,2015-09-01,248.49,1.6,20150901
493,CUSR0000SAF1,2015-08-01,247.74,1.6,20150801
494,CUSR0000SAF1,2015-07-01,247.16,1.6,20150701
495,CUSR0000SAF1,2015-06-01,246.94,1.79,20150601
496,CUSR0000SAF1,2015-05-01,246.24,1.6,20150501
497,CUSR0000SAF1,2015-04-01,246.0,2.0,20150401
498,CUSR0000SAF1,2015-03-01,246.07,2.29,20150301
499,CUSR0000SAF1,2015-02-01,246.49,3.0,20150201
500,CUSR0000SAF1,2015-01-01,246.2,3.2,20150101
501,CUSR0000SAF1,2014-12-01,246.24,3.4,20141201
502,CUSR0000SAF1,2014-11-01,245.39,3.09,20141101
503,CUSR0000SAF1,2014-10-01,244.87,3.0,20141001
504,CUSR0000SAF1,2014-09-01,244.48,2.9,20140901
505,CUSR0000SAF1,2014-08-01,243.79,2.7,20140801
506,CUSR0000SAF1,2014-07-01,243.24,2.59,20140701
507,CUSR0000SAF1,2014-06-01,242.65,2.4,20140601
508,CUSR0000SAF1,2014-05-01,242.41,2.5,20140501
509,CUSR0000SAF1,2014-04-01,241.24,1.89,20140401
510,CUSR0000SAF1,2014-03-01,240.45,1.79,20140301
511,CUSR0000SAF1,2014-02-01,239.41,1.39,20140201
512,CUSR0000SAF1,2014-01-01,238.49,1.1,20140101
513,CUSR0000SAF1,2013-12-01,238.18,1.1,20131201
514,CUSR0000SAF1,2013-11-01,237.95,1.1,20131101
515,CUSR0000SAF1,2013-10-01,237.75,1.2,20131001
516,CUSR0000SAF1,2013-09-01,237.52,1.29,20130901
517,CUSR0000SAF1,2013-08-01,237.45,1.39,20130801
518,CUSR0000SAF1,2013-07-01,237.18,1.39,20130701
519,CUSR0000SAF1,2013-06-01,236.98,1.39,20130601
520,CUSR0000SAF1,2013-05-01,236.45,1.39,20130501
521,CUSR0000SAF1,2013-04-01,236.65,1.5,20130401
522,CUSR0000SAF1,2013-03-01,236.21,1.6,20130301
523,CUSR0000SAF1,2013-02-01,235.99,1.7,20130201
524,CUSR0000SAF1,2013-01-01,236.01,1.6,20130101
525,CUSR0000SAF1,2012-12-01,235.68,1.79,20121201
526,CUSR0000SAF1,2012-11-01,235.25,1.79,20121101
527,CUSR0000SAF1,2012-10-01,234.84,1.7,20121001
528,CUSR0000SAF1,2012-09-01,234.4,1.6,20120901
529,CUSR0000SAF1,2012-08-01,234.24,2.0,20120801
530,CUSR0000SAF1,2012-07-01,233.85,2.29,20120701
531,CUSR0000SAF1,2012-06-01,233.68,2.7,20120601
532,CUSR0000SAF1,2012-05-01,233.22,2.79,20120501
533,CUSR0000SAF1,2012-04-01,233.04,3.09,20120401
534,CUSR0000SAF1,2012-03-01,232.59,3.29,20120301
535,CUSR0000SAF1,2012-02-01,232.14,3.9,20120201
536,CUSR0000SAF1,2012-01-01,232.21,4.4,20120101
537,CUSR0000SAF1,2011-12-01,231.56,4.69,20111201
538,CUSR0000SAF1,2011-11-01,231.12,4.59,20111101
539,CUSR0000SAF1,2011-10-01,230.9,4.69,20111001
540,CUSR0000SAF1,2011-09-01,230.68,4.8,20110901
541,CUSR0000SAF1,2011-08-01,229.63,4.59,20110801
542,CUSR0000SAF1,2011-07-01,228.48,4.19,20110701
543,CUSR0000SAF1,2011-06-01,227.51,3.79,20110601
544,CUSR0000SAF1,2011-05-01,226.94,3.5,20110501
545,CUSR0000SAF1,2011-04-01,226.07,3.09,20110401
546,CUSR0000SAF1,2011-03-01,225.21,2.79,20110301
547,CUSR0000SAF1,2011-02-01,223.5,2.29,20110201
548,CUSR0000SAF1,2011-01-01,222.47,1.79,20110101
549,CUSR0000SAF1,2010-12-01,221.21,1.5,20101201
550,CUSR0000SAF1,2010-11-01,220.95,1.5,20101101
551,CUSR0000SAF1,2010-10-01,220.52,1.39,20101001
552,CUSR0000SAF1,2010-09-01,220.22,1.39,20100901
553,CUSR0000SAF1,2010-08-01,219.48,1.0,20100801
554,CUSR0000SAF1,2010-07-01,219.23,0.8,20100701
555,CUSR0000SAF1,2010-06-01,219.29,0.69,20100601
556,CUSR0000SAF1,2010-05-01,219.33,0.69,20100501
557,CUSR0000SAF1,2010-04-01,219.21,0.5,20100401
558,CUSR0000SAF1,2010-03-01,218.99,0.2,20100301
559,CUSR0000SAF1,2010-02-01,218.55,-0.2,20100201
560,CUSR0000SAF1,2010-01-01,218.49,-0.3,20100101
561,CUSR0000SETA02,2025-07-01,183.42,4.8,20250701
562,CUSR0000SETA02,2025-06-01,182.54,2.79,20250601
563,CUSR0000SETA02,2025-05-01,183.78,1.79,20250501
564,CUSR0000SETA02,2025-04-01,184.78,1.5,20250401
565,CUSR0000SETA02,2025-03-01,185.77,0.6,20250301
566,CUSR0000SETA02,2025-02-01,187.06,0.8,20250201
567,CUSR0000SETA02,2025-01-01,185.42,1.0,20250101
568,CUSR0000SETA02,2024-12-01,181.45,-4.8,20241201
569,CUSR0000SETA02,2024-11-01,180.08,-4.9,20241101
570,CUSR0000SETA02,2024-10-01,177.78,-4.9,20241001
571,CUSR0000SETA02,2024-09-01,175.64,-6.4,20240901
572,CUSR0000SETA02,2024-08-01,174.76,-8.5,20240801
573,CUSR0000SETA02,2024-07-01,175.03,-10.1,20240701
574,CUSR0000SETA02,2024-06-01,177.59,-10.1,20240601
575,CUSR0000SETA02,2024-05-01,180.53,-9.19,20240501
576,CUSR0000SETA02,2024-04-01,182.03,-5.5,20240401
577,CUSR0000SETA02,2024-03-01,184.71,-1.0,20240301
578,CUSR0000SETA02,2024-02-01,185.66,-1.1,20240201
579,CUSR0000SETA02,2024-01-01,183.53,-3.59,20240101
580,CUSR0000SETA02,2023-12-01,190.57,-1.29,20231201
581,CUSR0000SETA02,2023-11-01,189.44,-3.7,20231101
582,CUSR0000SETA02,2023-10-01,186.88,-7.09,20231001
583,CUSR0000SETA02,2023-09-01,187.65,-8.0,20230901
584,CUSR0000SETA02,2023-08-01,191.08,-6.69,20230801
585,CUSR0000SETA02,2023-07-01,194.7,-5.69,20230701
586,CUSR0000SETA02,2023-06-01,197.6,-5.3,20230601
587,CUSR0000SETA02,2023-05-01,198.79,-4.3,20230501
588,CUSR0000SETA02,2023-04-01,192.65,-6.59,20230401
589,CUSR0000SETA02,2023-03-01,186.62,-11.0,20230301
590,CUSR0000SETA02,2023-02-01,187.71,-13.39,20230201
591,CUSR0000SETA02,2023-01-01,190.42,-11.6,20230101
592,CUSR0000SETA02,2022-12-01,193.01,-8.8,20221201
593,CUSR0000SETA02,2022-11-01,196.66,-3.4,20221101
594,CUSR0000SETA02,2022-10-01,201.17,2.0,20221001
595,CUSR0000SETA02,2022-09-01,203.94,7.19,20220901
596,CUSR0000SETA02,2022-08-01,204.84,7.8,20220801
597,CUSR0000SETA02,2022-07-01,206.55,6.59,20220701
598,CUSR0000SETA02,2022-06-01,208.69,7.09,20220601
599,CUSR0000SETA02,2022-05-01,207.67,16.1,20220501
600,CUSR0000SETA02,2022-04-01,206.19,22.7,20220401
601,CUSR0000SETA02,2022-03-01,209.65,35.29,20220301
602,CUSR0000SETA02,2022-02-01,216.88,41.2,20220201
603,CUSR0000SETA02,2022-01-01,215.49,40.5,20220101
604,CUSR0000SETA02,2021-12-01,211.73,37.29,20211201
605,CUSR0000SETA02,2021-11-01,203.49,31.39,20211101
606,CUSR0000SETA02,2021-10-01,197.21,26.39,20211001
607,CUSR0000SETA02,2021-09-01,190.31,24.39,20210901
608,CUSR0000SETA02,2021-08-01,190.07,31.89,20210801
609,CUSR0000SETA02,2021-07-01,193.73,41.59,20210701
610,CUSR0000SETA02,2021-06-01,194.85,45.2,20210601
611,CUSR0000SETA02,2021-05-01,178.93,29.7,20210501
612,CUSR0000SETA02,2021-04-01,168.01,21.0,20210401
613,CUSR0000SETA02,2021-03-01,154.93,9.39,20210301
614,CUSR0000SETA02,2021-02-01,153.65,9.3,20210201
615,CUSR0000SETA02,2021-01-01,153.36,10.0,20210101
616,CUSR0000SETA02,2020-12-01,154.22,10.1,20201201
617,CUSR0000SETA02,2020-11-01,154.82,10.89,20201101
618,CUSR0000SETA02,2020-10-01,155.96,11.6,20201001
619,CUSR0000SETA02,2020-09-01,152.97,10.3,20200901
620,CUSR0000SETA02,2020-08-01,144.1,3.9,20200801
621,CUSR0000SETA02,2020-07-01,136.77,-1.0,20200701
622,CUSR0000SETA02,2020-06-01,134.16,-3.0,20200601
623,CUSR0000SETA02,2020-05-01,137.92,-0.5,20200501
624,CUSR0000SETA02,2020-04-01,138.89,-0.69,20200401
625,CUSR0000SETA02,2020-03-01,141.67,0.3,20200301
626,CUSR0000SETA02,2020-02-01,140.59,-1.2,20200201
627,CUSR0000SETA02,2020-01-01,139.42,-2.0,20200101
628,CUSR0000SETA02,2019-12-01,140.09,-0.1,20191201
629,CUSR0000SETA02,2019-11-01,139.58,-0.1,20191101
630,CUSR0000SETA02,2019-10-01,139.7,1.1,20191001
631,CUSR0000SETA02,2019-09-01,138.69,1.29,20190901
632,CUSR0000SETA02,2019-08-01,138.69,0.4,20190801
633,CUSR0000SETA02,2019-07-01,138.13,0.4,20190701
634,CUSR0000SETA02,2019-06-01,138.24,0.2,20190601
635,CUSR0000SETA02,2019-05-01,138.57,0.0,20190501
636,CUSR0000SETA02,2019-04-01,139.9,1.5,20190401
637,CUSR0000SETA02,2019-03-01,141.22,2.2,20190301
638,CUSR0000SETA02,2019-02-01,142.27,2.59,20190201
639,CUSR0000SETA02,2019-01-01,142.21,2.59,20190101
640,CUSR0000SETA02,2018-12-01,140.18,1.5,20181201
641,CUSR0000SETA02,2018-11-01,139.76,1.1,20181101
642,CUSR0000SETA02,2018-10-01,138.25,0.3,20181001
643,CUSR0000SETA02,2018-09-01,136.92,1.39,20180901
644,CUSR0000SETA02,2018-08-01,138.09,0.89,20180801
645,CUSR0000SETA02,2018-07-01,137.61,0.5,20180701
646,CUSR0000SETA02,2018-06-01,137.95,0.2,20180601
647,CUSR0000SETA02,2018-05-01,138.53,0.0,20180501
648,CUSR0000SETA02,2018-04-01,137.88,-0.5,20180401
649,CUSR0000SETA02,2018-03-01,138.21,-0.69,20180301
650,CUSR0000SETA02,2018-02-01,138.64,-0.1,20180201
651,CUSR0000SETA02,2018-01-01,138.56,-0.1,20180101
652,CUSR0000SETA02,2017-12-01,138.12,-1.0,20171201
653,CUSR0000SETA02,2017-11-01,138.26,-1.2,20171101
654,CUSR0000SETA02,2017-10-01,137.8,-3.09,20171001
655,CUSR0000SETA02,2017-09-01,135.03,-6.8,20170901
656,CUSR0000SETA02,2017-08-01,136.88,-4.19,20170801
657,CUSR0000SETA02,2017-07-01,136.87,-4.5,20170701
658,CUSR0000SETA02,2017-06-01,137.69,-5.0,20170601
659,CUSR0000SETA02,2017-05-01,138.6,-5.3,20170501
660,CUSR0000SETA02,2017-04-01,138.6,-4.69,20170401
661,CUSR0000SETA02,2017-03-01,139.23,-3.09,20170301
662,CUSR0000SETA02,2017-02-01,138.71,-3.7,20170201
663,CUSR0000SETA02,2017-01-01,138.76,-4.09,20170101
664,CUSR0000SETA02,2016-12-01,139.46,-3.09,20161201
665,CUSR0000SETA02,2016-11-01,139.98,-3.4,20161101
666,CUSR0000SETA02,2016-10-01,142.22,-2.9,20161001
667,CUSR0000SETA02,2016-09-01,144.85,-1.79,20160901
668,CUSR0000SETA02,2016-08-01,142.8,-3.7,20160801
669,CUSR0000SETA02,2016-07-01,143.27,-3.9,20160701
670,CUSR0000SETA02,2016-06-01,144.89,-3.09,20160601
671,CUSR0000SETA02,2016-05-01,146.42,-1.89,20160501
672,CUSR0000SETA02,2016-04-01,145.48,-2.0,20160401
673,CUSR0000SETA02,2016-03-01,143.66,-2.7,20160301
674,CUSR0000SETA02,2016-02-01,143.98,-2.2,20160201
675,CUSR0000SETA02,2016-01-01,144.64,-0.2,20160101
676,CUSR0000SETA02,2015-12-01,143.96,-1.29,20151201
677,CUSR0000SETA02,2015-11-01,144.85,-1.79,20151101
678,CUSR0000SETA02,2015-10-01,146.4,-1.7,20151001
679,CUSR0000SETA02,2015-09-01,147.55,-1.5,20150901
680,CUSR0000SETA02,2015-08-01,148.29,-0.8,20150801
681,CUSR0000SETA02,2015-07-01,149.08,-0.1,20150701
682,CUSR0000SETA02,2015-06-01,149.48,0.4,20150601
683,CUSR0000SETA02,2015-05-01,149.29,0.2,20150501
684,CUSR0000SETA02,2015-04-01,148.4,-0.5,20150401
685,CUSR0000SETA02,2015-03-01,147.69,-1.29,20150301
686,CUSR0000SETA02,2015-02-01,147.26,-2.29,20150201
687,CUSR0000SETA02,2015-01-01,144.88,-4.4,20150101
688,CUSR0000SETA02,2014-12-01,145.83,-4.3,20141201
689,CUSR0000SETA02,2014-11-01,147.49,-3.0,20141101
690,CUSR0000SETA02,2014-10-01,148.95,-1.5,20141001
691,CUSR0000SETA02,2014-09-01,149.86,-0.4,20140901
692,CUSR0000SETA02,2014-08-01,149.47,0.0,20140801
693,CUSR0000SETA02,2014-07-01,149.22,0.1,20140701
694,CUSR0000SETA02,2014-06-01,148.92,0.1,20140601
695,CUSR0000SETA02,2014-05-01,149.01,0.3,20140501
696,CUSR0000SETA02,2014-04-01,149.22,0.4,20140401
697,CUSR0000SETA02,2014-03-01,149.64,0.5,20140301
698,CUSR0000SETA02,2014-02-01,150.72,0.6,20140201
699,CUSR0000SETA02,2014-01-01,151.54,1.2,20140101
700,CUSR0000SETA02,2013-12-01,152.46,2.2,20131201
701,CUSR0000SETA02,2013-11-01,151.99,2.09,20131101
702,CUSR0000SETA02,2013-10-01,151.25,1.5,20131001
703,CUSR0000SETA02,2013-09-01,150.46,0.5,20130901
704,CUSR0000SETA02,2013-08-01,149.54,-0.89,20130801
705,CUSR0000SETA02,2013-07-01,149.06,-1.89,20130701
706,CUSR0000SETA02,2013-06-01,148.74,-2.29,20130601
707,CUSR0000SETA02,2013-05-01,148.5,-2.0,20130501
708,CUSR0000SETA02,2013-04-01,148.58,-1.0,20130401
709,CUSR0000SETA02,2013-03-01,148.91,-0.2,20130301
710,CUSR0000SETA02,2013-02-01,149.79,-0.1,20130201
711,CUSR0000SETA02,2013-01-01,149.74,-0.89,20130101
712,CUSR0000SETA02,2012-12-01,149.24,-1.89,20121201
713,CUSR0000SETA02,2012-11-01,148.93,-2.09,20121101
714,CUSR0000SETA02,2012-10-01,148.99,-2.0,20121001
715,CUSR0000SETA02,2012-09-01,149.65,-1.29,20120901
716,CUSR0000SETA02,2012-08-01,150.87,-0.3,20120801
717,CUSR0000SETA02,2012-07-01,151.97,1.29,20120701
718,CUSR0000SETA02,2012-06-01,152.26,2.5,20120601
719,CUSR0000SETA02,2012-05-01,151.59,3.5,20120501
720,CUSR0000SETA02,2012-04-01,150.05,3.09,20120401
721,CUSR0000SETA02,2012-03-01,149.26,2.5,20120301
722,CUSR0000SETA02,2012-02-01,149.89,2.5,20120201
723,CUSR0000SETA02,2012-01-01,151.11,3.2,20120101
724,CUSR0000SETA02,2011-12-01,152.08,4.4,20111201
725,CUSR0000SETA02,2011-11-01,152.19,5.09,20111101
726,CUSR0000SETA02,2011-10-01,151.99,5.3,20111001
727,CUSR0000SETA02,2011-09-01,151.68,5.3,20110901
728,CUSR0000SETA02,2011-08-01,151.31,5.5,20110801
729,CUSR0000SETA02,2011-07-01,149.97,5.19,20110701
730,CUSR0000SETA02,2011-06-01,148.52,4.59,20110601
731,CUSR0000SETA02,2011-05-01,146.48,3.9,20110501
732,CUSR0000SETA02,2011-04-01,145.54,2.7,20110401
733,CUSR0000SETA02,2011-03-01,145.65,2.29,20110301
734,CUSR0000SETA02,2011-02-01,146.18,2.09,20110201
735,CUSR0000SETA02,2011-01-01,146.48,2.59,20110101
736,CUSR0000SETA02,2010-12-01,145.67,4.5,20101201
737,CUSR0000SETA02,2010-11-01,144.75,6.59,20101101
738,CUSR0000SETA02,2010-10-01,144.31,8.89,20101001
739,CUSR0000SETA02,2010-09-01,144.03,12.89,20100901
740,CUSR0000SETA02,2010-08-01,143.42,14.69,20100801
741,CUSR0000SETA02,2010-07-01,142.51,16.0,20100701
742,CUSR0000SETA02,2010-06-01,141.95,15.19,20100601
743,CUSR0000SETA02,2010-05-01,140.95,15.0,20100501
744,CUSR0000SETA02,2010-04-01,141.68,16.2,20100401
745,CUSR0000SETA02,2010-03-01,142.38,16.5,20100301
746,CUSR0000SETA02,2010-02-01,143.17,15.1,20100201
747,CUSR0000SETA02,2010-01-01,142.83,12.8,20100101
