,Date_,Gld_Close
0,2010-01-04,1117.7
1,2010-01-05,1118.1
2,2010-01-06,1135.9
3,2010-01-07,1133.1
4,2010-01-08,1138.2
5,2010-01-11,1150.7
6,2010-01-12,1128.9
7,2010-01-13,1136.4
8,2010-01-14,1142.6
9,2010-01-15,1130.1
10,2010-01-19,1139.7
11,2010-01-20,1112.3
12,2010-01-21,1102.7
13,2010-01-22,1089.2
14,2010-01-25,1095.2
15,2010-01-26,1097.9
16,2010-01-27,1084.4
17,2010-01-28,1083.6
18,2010-01-29,1083.0
19,2010-02-01,1104.3
20,2010-02-02,1117.4
21,2010-02-03,1111.4
22,2010-02-04,1062.4
23,2010-02-05,1052.2
24,2010-02-08,1065.7
25,2010-02-09,1076.7
26,2010-02-10,1075.8
27,2010-02-11,1094.2
28,2010-02-12,1089.5
29,2010-02-16,1119.3
30,2010-02-17,1119.5
31,2010-02-18,1118.0
32,2010-02-19,1121.3
33,2010-02-22,1112.6
34,2010-02-23,1102.7
35,2010-02-24,1096.5
36,2010-02-25,1107.8
37,2010-02-26,1118.3
38,2010-03-01,1117.8
39,2010-03-02,1136.9
40,2010-03-03,1142.7
41,2010-03-04,1132.6
42,2010-03-05,1134.8
43,2010-03-08,1123.6
44,2010-03-09,1122.0
45,2010-03-10,1107.8
46,2010-03-11,1108.0
47,2010-03-12,1101.5
48,2010-03-15,1105.1
49,2010-03-16,1122.2
50,2010-03-17,1124.0
51,2010-03-18,1127.4
52,2010-03-19,1107.4
53,2010-03-22,1099.3
54,2010-03-23,1103.5
55,2010-03-24,1088.6
56,2010-03-25,1092.7
57,2010-03-26,1104.2
58,2010-03-29,1110.3
59,2010-03-30,1104.5
60,2010-03-31,1113.3
61,2010-04-01,1125.1
62,2010-04-05,1132.9
63,2010-04-06,1135.1
64,2010-04-07,1152.3
65,2010-04-08,1152.2
66,2010-04-09,1161.1
67,2010-04-12,1161.6
68,2010-04-13,1152.8
69,2010-04-14,1159.0
70,2010-04-15,1159.7
71,2010-04-16,1136.3
72,2010-04-19,1135.2
73,2010-04-20,1138.6
74,2010-04-21,1148.2
75,2010-04-22,1142.3
76,2010-04-23,1153.1
77,2010-04-26,1153.5
78,2010-04-27,1161.7
79,2010-04-28,1171.3
80,2010-04-29,1168.4
81,2010-04-30,1180.1
82,2010-05-03,1182.7
83,2010-05-04,1168.6
84,2010-05-05,1174.6
85,2010-05-06,1196.9
86,2010-05-07,1210.0
87,2010-05-10,1200.4
88,2010-05-11,1219.9
89,2010-05-12,1242.7
90,2010-05-13,1228.8
91,2010-05-14,1227.4
92,2010-05-17,1227.7
93,2010-05-18,1214.3
94,2010-05-19,1192.6
95,2010-05-20,1187.8
96,2010-05-21,1175.7
97,2010-05-24,1193.8
98,2010-05-25,1197.8
99,2010-05-26,1213.3
100,2010-05-27,1211.9
101,2010-05-28,1212.2
102,2010-06-01,1224.8
103,2010-06-02,1220.6
104,2010-06-03,1208.3
105,2010-06-04,1216.2
106,2010-06-07,1239.3
107,2010-06-08,1244.0
108,2010-06-09,1228.5
109,2010-06-10,1220.8
110,2010-06-11,1228.9
111,2010-06-14,1223.3
112,2010-06-15,1233.2
113,2010-06-16,1229.3
114,2010-06-17,1247.5
115,2010-06-18,1257.2
116,2010-06-21,1239.7
117,2010-06-22,1239.9
118,2010-06-23,1234.1
119,2010-06-24,1245.5
120,2010-06-25,1255.8
121,2010-06-28,1238.2
122,2010-06-29,1242.0
123,2010-06-30,1245.5
124,2010-07-01,1206.3
125,2010-07-02,1207.4
126,2010-07-06,1194.8
127,2010-07-07,1198.6
128,2010-07-08,1195.8
129,2010-07-09,1209.6
130,2010-07-12,1198.5
131,2010-07-13,1213.3
132,2010-07-14,1206.8
133,2010-07-15,1208.1
134,2010-07-16,1188.0
135,2010-07-19,1181.7
136,2010-07-20,1191.5
137,2010-07-21,1191.6
138,2010-07-22,1195.5
139,2010-07-23,1187.7
140,2010-07-26,1183.0
141,2010-07-27,1158.0
142,2010-07-28,1160.4
143,2010-07-29,1168.4
144,2010-07-30,1181.7
145,2010-08-02,1183.4
146,2010-08-03,1185.2
147,2010-08-04,1193.7
148,2010-08-05,1197.2
149,2010-08-06,1203.4
150,2010-08-09,1200.7
151,2010-08-10,1196.2
152,2010-08-11,1197.5
153,2010-08-12,1214.8
154,2010-08-13,1214.9
155,2010-08-16,1224.5
156,2010-08-17,1226.6
157,2010-08-18,1229.7
158,2010-08-19,1233.8
159,2010-08-20,1227.2
160,2010-08-23,1226.9
161,2010-08-24,1231.8
162,2010-08-25,1239.5
163,2010-08-26,1235.4
164,2010-08-27,1236.0
165,2010-08-30,1237.1
166,2010-08-31,1248.3
167,2010-09-01,1246.3
168,2010-09-02,1251.5
169,2010-09-03,1249.2
170,2010-09-07,1257.3
171,2010-09-08,1255.6
172,2010-09-09,1248.9
173,2010-09-10,1244.5
174,2010-09-13,1245.1
175,2010-09-14,1269.7
176,2010-09-15,1266.7
177,2010-09-16,1271.9
178,2010-09-17,1275.6
179,2010-09-20,1279.0
180,2010-09-21,1272.4
181,2010-09-22,1290.2
182,2010-09-23,1294.3
183,2010-09-24,1296.0
184,2010-09-27,1296.7
185,2010-09-28,1306.6
186,2010-09-29,1308.5
187,2010-09-30,1307.8
188,2010-10-01,1316.1
189,2010-10-04,1315.4
190,2010-10-05,1338.9
191,2010-10-06,1346.4
192,2010-10-07,1333.9
193,2010-10-08,1344.2
194,2010-10-11,1353.3
195,2010-10-12,1345.7
196,2010-10-13,1369.5
197,2010-10-14,1376.7
198,2010-10-15,1371.1
199,2010-10-18,1371.2
200,2010-10-19,1335.1
201,2010-10-20,1343.3
202,2010-10-21,1324.7
203,2010-10-22,1324.4
204,2010-10-25,1338.3
205,2010-10-26,1338.0
206,2010-10-27,1322.2
207,2010-10-28,1342.1
208,2010-10-29,1357.1
209,2010-11-01,1350.2
210,2010-11-02,1356.4
211,2010-11-03,1337.1
212,2010-11-04,1382.7
213,2010-11-05,1397.3
214,2010-11-08,1402.8
215,2010-11-09,1409.8
216,2010-11-10,1399.1
217,2010-11-11,1403.1
218,2010-11-12,1365.4
219,2010-11-15,1368.4
220,2010-11-16,1338.3
221,2010-11-17,1336.8
222,2010-11-18,1352.9
223,2010-11-19,1352.2
224,2010-11-22,1357.7
225,2010-11-23,1377.5
226,2010-11-24,1372.9
227,2010-11-26,1362.3
228,2010-11-29,1366.0
229,2010-11-30,1385.0
230,2010-12-01,1387.3
231,2010-12-02,1388.5
232,2010-12-03,1405.4
233,2010-12-06,1415.3
234,2010-12-07,1408.3
235,2010-12-08,1382.5
236,2010-12-09,1392.1
237,2010-12-10,1384.3
238,2010-12-13,1397.3
239,2010-12-14,1403.6
240,2010-12-15,1385.5
241,2010-12-16,1370.4
242,2010-12-17,1378.6
243,2010-12-20,1385.5
244,2010-12-21,1388.2
245,2010-12-22,1386.8
246,2010-12-23,1380.0
247,2010-12-27,1382.4
248,2010-12-28,1405.2
249,2010-12-29,1413.1
250,2010-12-30,1405.6
251,2010-12-31,1421.1
252,2011-01-03,1422.6
253,2011-01-04,1378.5
254,2011-01-05,1373.4
255,2011-01-06,1371.4
256,2011-01-07,1368.5
257,2011-01-10,1373.7
258,2011-01-11,1384.0
259,2011-01-12,1385.7
260,2011-01-13,1386.9
261,2011-01-14,1360.4
262,2011-01-18,1368.1
263,2011-01-19,1370.2
264,2011-01-20,1346.5
265,2011-01-21,1341.0
266,2011-01-24,1344.5
267,2011-01-25,1332.3
268,2011-01-26,1333.0
269,2011-01-27,1318.4
270,2011-01-28,1340.7
271,2011-01-31,1333.8
272,2011-02-01,1339.6
273,2011-02-02,1331.5
274,2011-02-03,1352.3
275,2011-02-04,1348.3
276,2011-02-07,1347.6
277,2011-02-08,1363.4
278,2011-02-09,1364.8
279,2011-02-10,1361.9
280,2011-02-11,1359.9
281,2011-02-14,1364.6
282,2011-02-15,1373.6
283,2011-02-16,1374.7
284,2011-02-17,1384.7
285,2011-02-18,1388.2
286,2011-02-22,1400.5
287,2011-02-23,1413.4
288,2011-02-24,1415.3
289,2011-02-25,1408.7
290,2011-02-28,1409.3
291,2011-03-01,1430.7
292,2011-03-02,1437.2
293,2011-03-03,1416.0
294,2011-03-04,1428.2
295,2011-03-07,1434.1
296,2011-03-08,1426.9
297,2011-03-09,1429.3
298,2011-03-10,1412.2
299,2011-03-11,1421.5
300,2011-03-14,1424.6
301,2011-03-15,1392.6
302,2011-03-16,1396.0
303,2011-03-17,1404.0
304,2011-03-18,1415.9
305,2011-03-21,1426.2
306,2011-03-22,1427.5
307,2011-03-23,1437.9
308,2011-03-24,1434.8
309,2011-03-25,1426.1
310,2011-03-28,1419.8
311,2011-03-29,1416.0
312,2011-03-30,1423.8
313,2011-03-31,1438.9
314,2011-04-01,1428.1
315,2011-04-04,1432.2
316,2011-04-05,1451.8
317,2011-04-06,1457.7
318,2011-04-07,1458.5
319,2011-04-08,1473.4
320,2011-04-11,1467.4
321,2011-04-12,1452.9
322,2011-04-13,1454.9
323,2011-04-14,1471.7
324,2011-04-15,1485.3
325,2011-04-18,1492.3
326,2011-04-19,1494.5
327,2011-04-20,1498.3
328,2011-04-21,1503.2
329,2011-04-25,1508.6
330,2011-04-26,1503.0
331,2011-04-27,1516.7
332,2011-04-28,1530.8
333,2011-04-29,1556.0
334,2011-05-02,1556.7
335,2011-05-03,1540.1
336,2011-05-04,1514.9
337,2011-05-05,1480.9
338,2011-05-06,1491.2
339,2011-05-09,1502.9
340,2011-05-10,1516.6
341,2011-05-11,1501.1
342,2011-05-12,1506.6
343,2011-05-13,1493.4
344,2011-05-16,1490.4
345,2011-05-17,1479.8
346,2011-05-18,1495.6
347,2011-05-19,1492.2
348,2011-05-20,1508.8
349,2011-05-23,1515.3
350,2011-05-24,1523.2
351,2011-05-25,1526.6
352,2011-05-26,1522.8
353,2011-05-27,1536.3
354,2011-05-31,1535.9
355,2011-06-01,1542.4
356,2011-06-02,1532.0
357,2011-06-03,1541.7
358,2011-06-06,1546.5
359,2011-06-07,1543.3
360,2011-06-08,1538.1
361,2011-06-09,1542.1
362,2011-06-10,1528.6
363,2011-06-13,1515.0
364,2011-06-14,1523.8
365,2011-06-15,1525.6
366,2011-06-16,1529.3
367,2011-06-17,1538.6
368,2011-06-20,1541.5
369,2011-06-21,1546.0
370,2011-06-22,1552.9
371,2011-06-23,1520.1
372,2011-06-24,1500.5
373,2011-06-27,1496.0
374,2011-06-28,1499.7
375,2011-06-29,1509.9
376,2011-06-30,1502.3
377,2011-07-01,1482.3
378,2011-07-05,1512.3
379,2011-07-06,1528.7
380,2011-07-07,1530.2
381,2011-07-08,1541.2
382,2011-07-11,1548.8
383,2011-07-12,1561.9
384,2011-07-13,1585.2
385,2011-07-14,1589.0
386,2011-07-15,1589.8
387,2011-07-18,1602.1
388,2011-07-19,1600.9
389,2011-07-20,1596.7
390,2011-07-21,1586.8
391,2011-07-22,1601.3
392,2011-07-25,1612.0
393,2011-07-26,1616.6
394,2011-07-27,1615.0
395,2011-07-28,1613.4
396,2011-07-29,1628.3
397,2011-08-01,1619.0
398,2011-08-02,1641.9
399,2011-08-03,1663.4
400,2011-08-04,1656.2
401,2011-08-05,1648.8
402,2011-08-08,1710.2
403,2011-08-09,1740.0
404,2011-08-10,1781.3
405,2011-08-11,1748.8
406,2011-08-12,1740.2
407,2011-08-15,1755.5
408,2011-08-16,1782.4
409,2011-08-17,1791.2
410,2011-08-18,1818.9
411,2011-08-19,1848.9
412,2011-08-22,1888.7
413,2011-08-23,1858.3
414,2011-08-24,1754.1
415,2011-08-25,1759.8
416,2011-08-26,1794.1
417,2011-08-29,1788.4
418,2011-08-30,1826.7
419,2011-08-31,1828.5
420,2011-09-01,1826.0
421,2011-09-02,1873.7
422,2011-09-06,1869.9
423,2011-09-07,1814.2
424,2011-09-08,1854.4
425,2011-09-09,1856.4
426,2011-09-12,1809.9
427,2011-09-13,1826.8
428,2011-09-14,1823.5
429,2011-09-15,1778.5
430,2011-09-16,1812.1
431,2011-09-19,1776.4
432,2011-09-20,1806.6
433,2011-09-21,1805.5
434,2011-09-22,1739.2
435,2011-09-23,1637.5
436,2011-09-26,1592.5
437,2011-09-27,1650.6
438,2011-09-28,1616.3
439,2011-09-29,1615.5
440,2011-09-30,1620.4
441,2011-10-03,1656.0
442,2011-10-04,1614.7
443,2011-10-05,1640.3
444,2011-10-06,1651.9
445,2011-10-07,1634.5
446,2011-10-10,1669.6
447,2011-10-11,1659.7
448,2011-10-12,1681.3
449,2011-10-13,1667.3
450,2011-10-14,1681.8
451,2011-10-17,1675.5
452,2011-10-18,1651.7
453,2011-10-19,1646.0
454,2011-10-20,1611.9
455,2011-10-21,1635.1
456,2011-10-24,1651.5
457,2011-10-25,1699.6
458,2011-10-26,1722.7
459,2011-10-27,1746.7
460,2011-10-28,1746.2
461,2011-10-31,1724.2
462,2011-11-01,1711.0
463,2011-11-02,1728.7
464,2011-11-03,1764.2
465,2011-11-04,1755.3
466,2011-11-07,1790.3
467,2011-11-08,1798.4
468,2011-11-09,1790.9
469,2011-11-10,1758.9
470,2011-11-11,1787.5
471,2011-11-14,1777.8
472,2011-11-15,1781.7
473,2011-11-16,1773.8
474,2011-11-17,1719.8
475,2011-11-18,1724.7
476,2011-11-21,1678.3
477,2011-11-22,1702.2
478,2011-11-23,1695.7
479,2011-11-25,1685.5
480,2011-11-28,1710.8
481,2011-11-29,1713.4
482,2011-11-30,1745.5
483,2011-12-01,1735.3
484,2011-12-02,1747.0
485,2011-12-05,1730.7
486,2011-12-06,1727.9
487,2011-12-07,1740.9
488,2011-12-08,1709.8
489,2011-12-09,1712.8
490,2011-12-12,1664.2
491,2011-12-13,1659.9
492,2011-12-14,1584.3
493,2011-12-15,1574.6
494,2011-12-16,1595.6
495,2011-12-19,1594.4
496,2011-12-20,1615.6
497,2011-12-21,1611.9
498,2011-12-22,1608.9
499,2011-12-23,1604.7
500,2011-12-27,1594.2
501,2011-12-28,1562.9
502,2011-12-29,1539.9
503,2011-12-30,1565.8
504,2012-01-03,1599.7
505,2012-01-04,1611.9
506,2012-01-05,1619.4
507,2012-01-06,1616.1
508,2012-01-09,1607.5
509,2012-01-10,1631.0
510,2012-01-11,1639.2
511,2012-01-12,1647.3
512,2012-01-13,1630.4
513,2012-01-17,1655.2
514,2012-01-18,1659.5
515,2012-01-19,1654.1
516,2012-01-20,1663.7
517,2012-01-23,1678.0
518,2012-01-24,1664.2
519,2012-01-25,1699.8
520,2012-01-26,1726.3
521,2012-01-27,1731.8
522,2012-01-30,1731.0
523,2012-01-31,1737.8
524,2012-02-01,1747.1
525,2012-02-02,1756.8
526,2012-02-03,1737.9
527,2012-02-06,1722.8
528,2012-02-07,1746.4
529,2012-02-08,1729.3
530,2012-02-09,1739.0
531,2012-02-10,1723.3
532,2012-02-13,1723.0
533,2012-02-14,1715.9
534,2012-02-15,1726.3
535,2012-02-16,1726.8
536,2012-02-17,1724.5
537,2012-02-21,1757.1
538,2012-02-22,1770.0
539,2012-02-23,1784.9
540,2012-02-24,1775.1
541,2012-02-27,1773.6
542,2012-02-28,1787.0
543,2012-02-29,1709.9
544,2012-03-01,1721.1
545,2012-03-02,1708.8
546,2012-03-05,1703.0
547,2012-03-06,1671.4
548,2012-03-07,1683.3
549,2012-03-08,1698.1
550,2012-03-09,1710.9
551,2012-03-12,1699.2
552,2012-03-13,1693.7
553,2012-03-14,1642.5
554,2012-03-15,1659.1
555,2012-03-16,1655.5
556,2012-03-19,1666.9
557,2012-03-20,1646.7
558,2012-03-21,1650.0
559,2012-03-22,1642.3
560,2012-03-23,1662.3
561,2012-03-26,1685.5
562,2012-03-27,1684.8
563,2012-03-28,1657.9
564,2012-03-29,1652.2
565,2012-03-30,1669.3
566,2012-04-02,1677.5
567,2012-04-03,1670.0
568,2012-04-04,1612.3
569,2012-04-05,1628.5
570,2012-04-09,1642.5
571,2012-04-10,1659.5
572,2012-04-11,1659.0
573,2012-04-12,1679.5
574,2012-04-13,1659.1
575,2012-04-16,1648.7
576,2012-04-17,1650.3
577,2012-04-18,1638.8
578,2012-04-19,1640.6
579,2012-04-20,1642.1
580,2012-04-23,1631.9
581,2012-04-24,1643.0
582,2012-04-25,1641.4
583,2012-04-26,1659.6
584,2012-04-27,1664.0
585,2012-04-30,1663.4
586,2012-05-01,1661.7
587,2012-05-02,1653.4
588,2012-05-03,1634.2
589,2012-05-04,1644.7
590,2012-05-07,1638.6
591,2012-05-08,1604.0
592,2012-05-09,1593.7
593,2012-05-10,1595.1
594,2012-05-11,1583.6
595,2012-05-14,1560.6
596,2012-05-15,1556.8
597,2012-05-16,1536.2
598,2012-05-17,1574.5
599,2012-05-18,1591.6
600,2012-05-21,1588.4
601,2012-05-22,1576.3
602,2012-05-23,1548.1
603,2012-05-24,1557.3
604,2012-05-25,1568.8
605,2012-05-29,1548.6
606,2012-05-30,1563.4
607,2012-05-31,1562.6
608,2012-06-01,1620.5
609,2012-06-04,1612.2
610,2012-06-05,1615.2
611,2012-06-06,1632.8
612,2012-06-07,1586.6
613,2012-06-08,1590.1
614,2012-06-11,1595.5
615,2012-06-12,1612.7
616,2012-06-13,1618.1
617,2012-06-14,1618.4
618,2012-06-15,1627.0
619,2012-06-18,1625.7
620,2012-06-19,1622.2
621,2012-06-20,1614.8
622,2012-06-21,1564.5
623,2012-06-22,1566.0
624,2012-06-25,1587.5
625,2012-06-26,1574.0
626,2012-06-27,1577.5
627,2012-06-28,1549.7
628,2012-06-29,1603.5
629,2012-07-02,1597.2
630,2012-07-03,1621.3
631,2012-07-05,1608.9
632,2012-07-06,1578.4
633,2012-07-09,1588.6
634,2012-07-10,1579.3
635,2012-07-11,1575.2
636,2012-07-12,1564.9
637,2012-07-13,1591.6
638,2012-07-16,1591.2
639,2012-07-17,1589.1
640,2012-07-18,1570.4
641,2012-07-19,1580.1
642,2012-07-20,1582.5
643,2012-07-23,1577.1
644,2012-07-24,1576.0
645,2012-07-25,1608.0
646,2012-07-26,1615.0
647,2012-07-27,1617.9
648,2012-07-30,1619.7
649,2012-07-31,1610.5
650,2012-08-01,1603.7
651,2012-08-02,1587.4
652,2012-08-03,1606.0
653,2012-08-06,1612.9
654,2012-08-07,1609.7
655,2012-08-08,1612.9
656,2012-08-09,1617.1
657,2012-08-10,1619.7
658,2012-08-13,1609.6
659,2012-08-14,1599.4
660,2012-08-15,1603.7
661,2012-08-16,1616.1
662,2012-08-17,1616.3
663,2012-08-20,1620.1
664,2012-08-21,1639.9
665,2012-08-22,1637.4
666,2012-08-23,1669.6
667,2012-08-24,1669.8
668,2012-08-27,1672.4
669,2012-08-28,1666.5
670,2012-08-29,1659.8
671,2012-08-30,1653.5
672,2012-08-31,1684.6
673,2012-09-04,1692.9
674,2012-09-05,1690.8
675,2012-09-06,1702.6
676,2012-09-07,1737.5
677,2012-09-10,1728.7
678,2012-09-11,1731.8
679,2012-09-12,1730.6
680,2012-09-13,1769.1
681,2012-09-14,1769.8
682,2012-09-17,1767.7
683,2012-09-18,1768.4
684,2012-09-19,1769.0
685,2012-09-20,1767.7
686,2012-09-21,1775.5
687,2012-09-24,1762.1
688,2012-09-25,1763.8
689,2012-09-26,1750.6
690,2012-09-27,1777.6
691,2012-09-28,1771.1
692,2012-10-01,1780.5
693,2012-10-02,1772.7
694,2012-10-03,1777.3
695,2012-10-04,1794.1
696,2012-10-05,1778.6
697,2012-10-08,1773.5
698,2012-10-09,1763.0
699,2012-10-10,1763.2
700,2012-10-11,1768.8
701,2012-10-12,1758.0
702,2012-10-15,1736.0
703,2012-10-16,1744.7
704,2012-10-17,1751.5
705,2012-10-18,1743.3
706,2012-10-19,1722.8
707,2012-10-22,1725.1
708,2012-10-23,1708.3
709,2012-10-24,1700.5
710,2012-10-25,1712.0
711,2012-10-26,1710.9
712,2012-10-31,1717.5
713,2012-11-01,1714.1
714,2012-11-02,1674.1
715,2012-11-05,1682.2
716,2012-11-06,1714.1
717,2012-11-07,1713.2
718,2012-11-08,1725.4
719,2012-11-09,1730.3
720,2012-11-12,1730.3
721,2012-11-13,1724.2
722,2012-11-14,1729.5
723,2012-11-15,1713.3
724,2012-11-16,1714.3
725,2012-11-19,1734.0
726,2012-11-20,1723.2
727,2012-11-21,1727.9
728,2012-11-23,1751.3
729,2012-11-26,1749.5
730,2012-11-27,1742.2
731,2012-11-28,1716.5
732,2012-11-29,1727.2
733,2012-11-30,1710.9
734,2012-12-03,1719.6
735,2012-12-04,1694.4
736,2012-12-05,1692.4
737,2012-12-06,1700.3
738,2012-12-07,1704.0
739,2012-12-10,1713.0
740,2012-12-11,1708.2
741,2012-12-12,1716.6
742,2012-12-13,1695.6
743,2012-12-14,1695.8
744,2012-12-17,1697.0
745,2012-12-18,1669.5
746,2012-12-19,1666.5
747,2012-12-20,1644.9
748,2012-12-21,1659.1
749,2012-12-24,1658.6
750,2012-12-26,1659.8
751,2012-12-27,1662.6
752,2012-12-28,1654.9
753,2012-12-31,1674.8
754,2013-01-02,1687.9
755,2013-01-03,1673.7
756,2013-01-04,1648.1
757,2013-01-07,1645.5
758,2013-01-08,1661.5
759,2013-01-09,1654.8
760,2013-01-10,1677.3
761,2013-01-11,1660.0
762,2013-01-14,1668.9
763,2013-01-15,1683.4
764,2013-01-16,1682.7
765,2013-01-17,1690.4
766,2013-01-18,1686.6
767,2013-01-22,1692.8
768,2013-01-23,1686.3
769,2013-01-24,1669.5
770,2013-01-25,1656.4
771,2013-01-28,1652.4
772,2013-01-29,1660.7
773,2013-01-30,1679.9
774,2013-01-31,1660.6
775,2013-02-01,1669.4
776,2013-02-04,1675.3
777,2013-02-05,1672.4
778,2013-02-06,1677.7
779,2013-02-07,1670.4
780,2013-02-08,1666.0
781,2013-02-11,1648.2
782,2013-02-12,1648.7
783,2013-02-13,1644.2
784,2013-02-14,1634.7
785,2013-02-15,1608.8
786,2013-02-19,1603.6
787,2013-02-20,1577.6
788,2013-02-21,1578.2
789,2013-02-22,1572.4
790,2013-02-25,1586.2
791,2013-02-26,1615.2
792,2013-02-27,1595.2
793,2013-02-28,1577.7
794,2013-03-01,1571.9
795,2013-03-04,1572.1
796,2013-03-05,1574.6
797,2013-03-06,1574.6
798,2013-03-07,1574.8
799,2013-03-08,1576.6
800,2013-03-11,1577.8
801,2013-03-12,1591.5
802,2013-03-13,1588.3
803,2013-03-14,1590.6
804,2013-03-15,1592.5
805,2013-03-18,1604.6
806,2013-03-19,1611.3
807,2013-03-20,1607.5
808,2013-03-21,1613.8
809,2013-03-22,1606.2
810,2013-03-25,1604.6
811,2013-03-26,1595.8
812,2013-03-27,1606.2
813,2013-03-28,1594.8
814,2013-04-01,1600.0
815,2013-04-02,1575.1
816,2013-04-03,1552.8
817,2013-04-04,1551.8
818,2013-04-05,1575.4
819,2013-04-08,1572.0
820,2013-04-09,1586.2
821,2013-04-10,1558.3
822,2013-04-11,1564.3
823,2013-04-12,1501.0
824,2013-04-15,1360.6
825,2013-04-16,1386.8
826,2013-04-17,1382.2
827,2013-04-18,1392.0
828,2013-04-19,1395.3
829,2013-04-22,1421.0
830,2013-04-23,1408.6
831,2013-04-24,1423.4
832,2013-04-25,1461.8
833,2013-04-26,1453.6
834,2013-04-29,1467.4
835,2013-04-30,1472.2
836,2013-05-01,1446.3
837,2013-05-02,1467.7
838,2013-05-03,1464.3
839,2013-05-06,1468.1
840,2013-05-07,1449.0
841,2013-05-08,1473.9
842,2013-05-09,1468.8
843,2013-05-10,1436.8
844,2013-05-13,1434.5
845,2013-05-14,1424.7
846,2013-05-15,1396.5
847,2013-05-16,1387.1
848,2013-05-17,1364.9
849,2013-05-20,1384.3
850,2013-05-21,1377.8
851,2013-05-22,1367.6
852,2013-05-23,1392.0
853,2013-05-24,1386.8
854,2013-05-28,1379.1
855,2013-05-29,1391.3
856,2013-05-30,1411.5
857,2013-05-31,1392.6
858,2013-06-03,1411.7
859,2013-06-04,1397.1
860,2013-06-05,1398.4
861,2013-06-06,1415.7
862,2013-06-07,1383.0
863,2013-06-10,1386.2
864,2013-06-11,1377.0
865,2013-06-12,1391.8
866,2013-06-13,1377.6
867,2013-06-14,1387.3
868,2013-06-17,1382.8
869,2013-06-18,1366.6
870,2013-06-19,1373.6
871,2013-06-20,1285.9
872,2013-06-21,1291.6
873,2013-06-24,1276.8
874,2013-06-25,1274.8
875,2013-06-26,1229.6
876,2013-06-27,1211.4
877,2013-06-28,1223.8
878,2013-07-01,1255.9
879,2013-07-02,1243.6
880,2013-07-03,1252.1
881,2013-07-05,1212.9
882,2013-07-08,1234.9
883,2013-07-09,1245.9
884,2013-07-10,1247.4
885,2013-07-11,1280.1
886,2013-07-12,1277.8
887,2013-07-15,1283.8
888,2013-07-16,1290.8
889,2013-07-17,1277.9
890,2013-07-18,1284.6
891,2013-07-19,1293.3
892,2013-07-22,1336.4
893,2013-07-23,1335.1
894,2013-07-24,1319.7
895,2013-07-25,1329.0
896,2013-07-26,1321.7
897,2013-07-29,1328.4
898,2013-07-30,1324.0
899,2013-07-31,1312.4
900,2013-08-01,1311.0
901,2013-08-02,1310.6
902,2013-08-05,1302.6
903,2013-08-06,1283.2
904,2013-08-07,1286.1
905,2013-08-08,1310.7
906,2013-08-09,1312.9
907,2013-08-12,1334.7
908,2013-08-13,1321.2
909,2013-08-14,1334.0
910,2013-08-15,1361.6
911,2013-08-16,1371.7
912,2013-08-19,1366.2
913,2013-08-20,1373.1
914,2013-08-21,1370.6
915,2013-08-22,1371.2
916,2013-08-23,1395.7
917,2013-08-26,1393.0
918,2013-08-27,1420.6
919,2013-08-28,1419.0
920,2013-08-29,1412.9
921,2013-08-30,1396.1
922,2013-09-03,1412.0
923,2013-09-04,1389.9
924,2013-09-05,1373.1
925,2013-09-06,1386.7
926,2013-09-09,1386.8
927,2013-09-10,1364.1
928,2013-09-11,1363.9
929,2013-09-12,1330.4
930,2013-09-13,1308.4
931,2013-09-16,1317.9
932,2013-09-17,1309.5
933,2013-09-18,1307.8
934,2013-09-19,1369.4
935,2013-09-20,1332.5
936,2013-09-23,1326.9
937,2013-09-24,1316.0
938,2013-09-25,1335.9
939,2013-09-26,1323.6
940,2013-09-27,1338.4
941,2013-09-30,1326.5
942,2013-10-01,1286.0
943,2013-10-02,1320.6
944,2013-10-03,1317.4
945,2013-10-04,1309.7
946,2013-10-07,1324.8
947,2013-10-08,1324.2
948,2013-10-09,1306.9
949,2013-10-10,1296.6
950,2013-10-11,1268.0
951,2013-10-14,1276.4
952,2013-10-15,1273.0
953,2013-10-16,1282.0
954,2013-10-17,1322.7
955,2013-10-18,1314.4
956,2013-10-21,1315.7
957,2013-10-22,1342.5
958,2013-10-23,1333.9
959,2013-10-24,1350.2
960,2013-10-25,1352.4
961,2013-10-28,1352.0
962,2013-10-29,1345.2
963,2013-10-30,1349.0
964,2013-10-31,1323.6
965,2013-11-01,1313.1
966,2013-11-04,1314.6
967,2013-11-05,1308.0
968,2013-11-06,1317.7
969,2013-11-07,1308.4
970,2013-11-08,1284.5
971,2013-11-11,1281.0
972,2013-11-12,1271.1
973,2013-11-13,1268.3
974,2013-11-14,1286.2
975,2013-11-15,1287.3
976,2013-11-18,1272.2
977,2013-11-19,1273.4
978,2013-11-20,1257.9
979,2013-11-21,1243.5
980,2013-11-22,1244.0
981,2013-11-25,1241.1
982,2013-11-26,1241.4
983,2013-11-27,1237.8
984,2013-11-29,1250.6
985,2013-12-02,1222.3
986,2013-12-03,1221.7
987,2013-12-04,1248.2
988,2013-12-05,1233.2
989,2013-12-06,1230.3
990,2013-12-09,1235.3
991,2013-12-10,1262.4
992,2013-12-11,1258.5
993,2013-12-12,1226.0
994,2013-12-13,1235.7
995,2013-12-16,1245.5
996,2013-12-17,1231.2
997,2013-12-18,1236.1
998,2013-12-19,1195.0
999,2013-12-20,1205.1
1000,2013-12-23,1198.4
1001,2013-12-24,1205.1
1002,2013-12-26,1214.1
1003,2013-12-27,1216.1
1004,2013-12-30,1203.1
1005,2013-12-31,1201.9
1006,2014-01-02,1225.0
1007,2014-01-03,1238.4
1008,2014-01-06,1237.8
1009,2014-01-07,1229.4
1010,2014-01-08,1225.3
1011,2014-01-09,1229.3
1012,2014-01-10,1246.7
1013,2014-01-13,1250.9
1014,2014-01-14,1245.2
1015,2014-01-15,1238.1
1016,2014-01-16,1240.0
1017,2014-01-17,1251.7
1018,2014-01-21,1242.3
1019,2014-01-22,1239.0
1020,2014-01-23,1262.6
1021,2014-01-24,1264.5
1022,2014-01-27,1263.6
1023,2014-01-28,1251.0
1024,2014-01-29,1262.2
1025,2014-01-30,1242.2
1026,2014-01-31,1240.1
1027,2014-02-03,1260.4
1028,2014-02-04,1251.7
1029,2014-02-05,1257.3
1030,2014-02-06,1257.6
1031,2014-02-07,1263.3
1032,2014-02-10,1274.8
1033,2014-02-11,1290.1
1034,2014-02-12,1295.3
1035,2014-02-13,1300.4
1036,2014-02-14,1319.0
1037,2014-02-18,1324.7
1038,2014-02-19,1320.6
1039,2014-02-20,1317.1
1040,2014-02-21,1323.9
1041,2014-02-24,1338.3
1042,2014-02-25,1343.0
1043,2014-02-26,1328.2
1044,2014-02-27,1331.6
1045,2014-02-28,1321.4
1046,2014-03-03,1350.1
1047,2014-03-04,1337.8
1048,2014-03-05,1340.2
1049,2014-03-06,1351.7
1050,2014-03-07,1338.1
1051,2014-03-10,1341.4
1052,2014-03-11,1346.5
1053,2014-03-12,1370.3
1054,2014-03-13,1372.2
1055,2014-03-14,1379.0
1056,2014-03-17,1372.9
1057,2014-03-18,1359.0
1058,2014-03-19,1341.4
1059,2014-03-20,1330.5
1060,2014-03-21,1336.0
1061,2014-03-24,1311.2
1062,2014-03-25,1311.4
1063,2014-03-26,1303.4
1064,2014-03-27,1294.7
1065,2014-03-28,1293.8
1066,2014-03-31,1283.4
1067,2014-04-01,1279.6
1068,2014-04-02,1290.5
1069,2014-04-03,1284.4
1070,2014-04-04,1303.2
1071,2014-04-07,1298.0
1072,2014-04-08,1308.7
1073,2014-04-09,1305.5
1074,2014-04-10,1320.1
1075,2014-04-11,1318.7
1076,2014-04-14,1327.2
1077,2014-04-15,1300.0
1078,2014-04-16,1303.1
1079,2014-04-17,1293.4
1080,2014-04-21,1288.0
1081,2014-04-22,1280.6
1082,2014-04-23,1284.2
1083,2014-04-24,1290.5
1084,2014-04-25,1300.7
1085,2014-04-28,1298.9
1086,2014-04-29,1296.0
1087,2014-04-30,1295.6
1088,2014-05-01,1283.1
1089,2014-05-02,1302.6
1090,2014-05-05,1309.0
1091,2014-05-06,1308.3
1092,2014-05-07,1288.6
1093,2014-05-08,1287.4
1094,2014-05-09,1287.3
1095,2014-05-12,1295.6
1096,2014-05-13,1294.6
1097,2014-05-14,1305.7
1098,2014-05-15,1293.5
1099,2014-05-16,1293.3
1100,2014-05-19,1293.7
1101,2014-05-20,1294.5
1102,2014-05-21,1288.0
1103,2014-05-22,1294.9
1104,2014-05-23,1291.6
1105,2014-05-27,1265.4
1106,2014-05-28,1259.3
1107,2014-05-29,1256.3
1108,2014-05-30,1245.6
1109,2014-06-02,1243.7
1110,2014-06-03,1244.3
1111,2014-06-04,1244.0
1112,2014-06-05,1253.0
1113,2014-06-06,1252.1
1114,2014-06-09,1253.5
1115,2014-06-10,1259.8
1116,2014-06-11,1260.8
1117,2014-06-12,1273.6
1118,2014-06-13,1273.7
1119,2014-06-16,1274.9
1120,2014-06-17,1271.7
1121,2014-06-18,1272.4
1122,2014-06-19,1313.7
1123,2014-06-20,1316.2
1124,2014-06-23,1318.0
1125,2014-06-24,1320.9
1126,2014-06-25,1322.2
1127,2014-06-26,1316.1
1128,2014-06-27,1319.0
1129,2014-06-30,1321.8
1130,2014-07-01,1326.4
1131,2014-07-02,1330.7
1132,2014-07-03,1320.4
1133,2014-07-07,1316.5
1134,2014-07-08,1316.0
1135,2014-07-09,1323.8
1136,2014-07-10,1338.7
1137,2014-07-11,1337.0
1138,2014-07-14,1306.3
1139,2014-07-15,1296.9
1140,2014-07-16,1299.6
1141,2014-07-17,1316.7
1142,2014-07-18,1309.2
1143,2014-07-21,1313.7
1144,2014-07-22,1306.1
1145,2014-07-23,1304.5
1146,2014-07-24,1290.6
1147,2014-07-25,1303.1
1148,2014-07-28,1303.3
1149,2014-07-29,1298.3
1150,2014-07-30,1294.9
1151,2014-07-31,1281.3
1152,2014-08-01,1293.6
1153,2014-08-04,1287.7
1154,2014-08-05,1284.0
1155,2014-08-06,1306.7
1156,2014-08-07,1310.8
1157,2014-08-08,1308.9
1158,2014-08-11,1308.5
1159,2014-08-12,1308.8
1160,2014-08-13,1312.8
1161,2014-08-14,1313.9
1162,2014-08-15,1304.5
1163,2014-08-18,1297.7
1164,2014-08-19,1295.1
1165,2014-08-20,1293.4
1166,2014-08-21,1273.7
1167,2014-08-22,1278.6
1168,2014-08-25,1277.3
1169,2014-08-26,1283.8
1170,2014-08-27,1281.9
1171,2014-08-28,1288.7
1172,2014-08-29,1285.8
1173,2014-09-02,1263.7
1174,2014-09-03,1268.9
1175,2014-09-04,1265.1
1176,2014-09-05,1265.8
1177,2014-09-08,1252.7
1178,2014-09-09,1246.8
1179,2014-09-10,1243.5
1180,2014-09-11,1237.4
1181,2014-09-12,1229.9
1182,2014-09-15,1233.6
1183,2014-09-16,1235.2
1184,2014-09-17,1234.4
1185,2014-09-18,1225.7
1186,2014-09-19,1215.3
1187,2014-09-22,1216.8
1188,2014-09-23,1221.0
1189,2014-09-24,1218.6
1190,2014-09-25,1221.2
1191,2014-09-26,1214.1
1192,2014-09-29,1217.5
1193,2014-09-30,1210.5
1194,2014-10-01,1214.6
1195,2014-10-02,1214.2
1196,2014-10-03,1192.2
1197,2014-10-06,1206.7
1198,2014-10-07,1211.7
1199,2014-10-08,1205.3
1200,2014-10-09,1224.6
1201,2014-10-10,1221.0
1202,2014-10-13,1229.3
1203,2014-10-14,1233.6
1204,2014-10-15,1244.1
1205,2014-10-16,1240.5
1206,2014-10-17,1238.3
1207,2014-10-20,1244.0
1208,2014-10-21,1251.0
1209,2014-10-22,1244.8
1210,2014-10-23,1228.5
1211,2014-10-24,1231.2
1212,2014-10-27,1229.1
1213,2014-10-28,1229.2
1214,2014-10-29,1224.3
1215,2014-10-30,1198.1
1216,2014-10-31,1171.1
1217,2014-11-03,1169.4
1218,2014-11-04,1167.4
1219,2014-11-05,1145.4
1220,2014-11-06,1142.3
1221,2014-11-07,1169.6
1222,2014-11-10,1159.6
1223,2014-11-11,1162.8
1224,2014-11-12,1158.9
1225,2014-11-13,1161.1
1226,2014-11-14,1185.0
1227,2014-11-17,1183.0
1228,2014-11-18,1196.7
1229,2014-11-19,1193.6
1230,2014-11-20,1190.7
1231,2014-11-21,1197.5
1232,2014-11-24,1195.5
1233,2014-11-25,1197.1
1234,2014-11-26,1196.6
1235,2014-11-28,1175.2
1236,2014-12-01,1218.0
1237,2014-12-02,1199.2
1238,2014-12-03,1208.5
1239,2014-12-04,1207.5
1240,2014-12-05,1190.1
1241,2014-12-08,1194.7
1242,2014-12-09,1231.5
1243,2014-12-10,1228.9
1244,2014-12-11,1225.1
1245,2014-12-12,1222.0
1246,2014-12-15,1207.2
1247,2014-12-16,1193.9
1248,2014-12-17,1194.3
1249,2014-12-18,1194.7
1250,2014-12-19,1195.9
1251,2014-12-22,1179.7
1252,2014-12-23,1177.9
1253,2014-12-24,1173.5
1254,2014-12-26,1195.3
1255,2014-12-29,1181.7
1256,2014-12-30,1200.2
1257,2014-12-31,1183.9
1258,2015-01-02,1186.0
1259,2015-01-05,1203.9
1260,2015-01-06,1219.3
1261,2015-01-07,1210.6
1262,2015-01-08,1208.4
1263,2015-01-09,1216.0
1264,2015-01-12,1232.7
1265,2015-01-13,1234.3
1266,2015-01-14,1234.4
1267,2015-01-15,1264.7
1268,2015-01-16,1276.9
1269,2015-01-20,1294.2
1270,2015-01-21,1293.7
1271,2015-01-22,1300.7
1272,2015-01-23,1292.6
1273,2015-01-26,1279.4
1274,2015-01-27,1291.7
1275,2015-01-28,1285.9
1276,2015-01-29,1254.6
1277,2015-01-30,1278.5
1278,2015-02-02,1276.2
1279,2015-02-03,1259.7
1280,2015-02-04,1263.8
1281,2015-02-05,1262.0
1282,2015-02-06,1233.9
1283,2015-02-09,1240.8
1284,2015-02-10,1231.6
1285,2015-02-11,1219.0
1286,2015-02-12,1220.1
1287,2015-02-13,1226.5
1288,2015-02-17,1208.1
1289,2015-02-18,1199.7
1290,2015-02-19,1207.1
1291,2015-02-20,1204.4
1292,2015-02-23,1200.3
1293,2015-02-24,1196.9
1294,2015-02-25,1201.0
1295,2015-02-26,1209.6
1296,2015-02-27,1212.6
1297,2015-03-02,1207.7
1298,2015-03-03,1204.0
1299,2015-03-04,1200.6
1300,2015-03-05,1195.9
1301,2015-03-06,1164.1
1302,2015-03-09,1166.4
1303,2015-03-10,1160.1
1304,2015-03-11,1150.7
1305,2015-03-12,1152.1
1306,2015-03-13,1152.6
1307,2015-03-16,1153.3
1308,2015-03-17,1148.3
1309,2015-03-18,1151.4
1310,2015-03-19,1169.1
1311,2015-03-20,1184.8
1312,2015-03-23,1188.0
1313,2015-03-24,1191.7
1314,2015-03-25,1197.3
1315,2015-03-26,1205.1
1316,2015-03-27,1199.8
1317,2015-03-30,1184.8
1318,2015-03-31,1183.1
1319,2015-04-01,1208.1
1320,2015-04-02,1200.9
1321,2015-04-06,1218.6
1322,2015-04-07,1210.6
1323,2015-04-08,1203.1
1324,2015-04-09,1193.6
1325,2015-04-10,1204.6
1326,2015-04-13,1199.3
1327,2015-04-14,1192.8
1328,2015-04-15,1201.5
1329,2015-04-16,1198.0
1330,2015-04-17,1202.9
1331,2015-04-20,1193.5
1332,2015-04-21,1202.9
1333,2015-04-22,1186.9
1334,2015-04-23,1194.4
1335,2015-04-24,1175.2
1336,2015-04-27,1203.3
1337,2015-04-28,1214.0
1338,2015-04-29,1209.8
1339,2015-04-30,1182.4
1340,2015-05-01,1174.5
1341,2015-05-04,1186.8
1342,2015-05-05,1193.2
1343,2015-05-06,1190.3
1344,2015-05-07,1182.4
1345,2015-05-08,1189.1
1346,2015-05-11,1183.2
1347,2015-05-12,1192.6
1348,2015-05-13,1218.4
1349,2015-05-14,1225.4
1350,2015-05-15,1225.5
1351,2015-05-18,1227.8
1352,2015-05-19,1206.9
1353,2015-05-20,1208.9
1354,2015-05-21,1204.4
1355,2015-05-22,1204.3
1356,2015-05-26,1187.2
1357,2015-05-27,1185.9
1358,2015-05-28,1188.1
1359,2015-05-29,1189.4
1360,2015-06-01,1188.3
1361,2015-06-02,1194.1
1362,2015-06-03,1184.7
1363,2015-06-04,1174.9
1364,2015-06-05,1167.8
1365,2015-06-08,1173.2
1366,2015-06-09,1177.3
1367,2015-06-10,1186.1
1368,2015-06-11,1179.9
1369,2015-06-12,1178.8
1370,2015-06-15,1185.3
1371,2015-06-16,1180.5
1372,2015-06-17,1176.4
1373,2015-06-18,1201.5
1374,2015-06-19,1201.5
1375,2015-06-22,1183.7
1376,2015-06-23,1176.2
1377,2015-06-24,1172.6
1378,2015-06-25,1171.5
1379,2015-06-26,1172.9
1380,2015-06-29,1178.5
1381,2015-06-30,1171.5
1382,2015-07-01,1169.0
1383,2015-07-02,1163.0
1384,2015-07-06,1172.9
1385,2015-07-07,1152.4
1386,2015-07-08,1163.3
1387,2015-07-09,1159.0
1388,2015-07-10,1157.7
1389,2015-07-13,1155.2
1390,2015-07-14,1153.3
1391,2015-07-15,1147.2
1392,2015-07-16,1143.8
1393,2015-07-17,1131.8
1394,2015-07-20,1106.7
1395,2015-07-21,1103.4
1396,2015-07-22,1091.4
1397,2015-07-23,1094.0
1398,2015-07-24,1085.6
1399,2015-07-27,1096.5
1400,2015-07-28,1096.3
1401,2015-07-29,1092.7
1402,2015-07-30,1088.4
1403,2015-07-31,1094.9
1404,2015-08-03,1089.4
1405,2015-08-04,1090.7
1406,2015-08-05,1085.7
1407,2015-08-06,1090.2
1408,2015-08-07,1094.1
1409,2015-08-10,1104.2
1410,2015-08-11,1107.6
1411,2015-08-12,1123.2
1412,2015-08-13,1115.7
1413,2015-08-14,1112.9
1414,2015-08-17,1118.6
1415,2015-08-18,1117.1
1416,2015-08-19,1128.1
1417,2015-08-20,1153.0
1418,2015-08-21,1159.6
1419,2015-08-24,1153.4
1420,2015-08-25,1138.2
1421,2015-08-26,1124.6
1422,2015-08-27,1122.4
1423,2015-08-28,1133.1
1424,2015-08-31,1131.6
1425,2015-09-01,1138.7
1426,2015-09-02,1132.5
1427,2015-09-03,1123.7
1428,2015-09-04,1120.6
1429,2015-09-08,1120.4
1430,2015-09-09,1102.2
1431,2015-09-10,1109.5
1432,2015-09-11,1103.5
1433,2015-09-14,1107.7
1434,2015-09-15,1102.8
1435,2015-09-16,1119.2
1436,2015-09-17,1117.3
1437,2015-09-18,1138.1
1438,2015-09-21,1133.1
1439,2015-09-22,1125.0
1440,2015-09-23,1131.6
1441,2015-09-24,1153.8
1442,2015-09-25,1146.0
1443,2015-09-28,1132.0
1444,2015-09-29,1127.1
1445,2015-09-30,1115.5
1446,2015-10-01,1114.2
1447,2015-10-02,1137.1
1448,2015-10-05,1138.1
1449,2015-10-06,1146.8
1450,2015-10-07,1149.0
1451,2015-10-08,1144.7
1452,2015-10-09,1156.3
1453,2015-10-12,1164.9
1454,2015-10-13,1165.8
1455,2015-10-14,1180.1
1456,2015-10-15,1187.9
1457,2015-10-16,1183.6
1458,2015-10-19,1173.3
1459,2015-10-20,1178.0
1460,2015-10-21,1167.6
1461,2015-10-22,1166.6
1462,2015-10-23,1163.3
1463,2015-10-26,1167.0
1464,2015-10-27,1166.8
1465,2015-10-28,1177.1
1466,2015-10-29,1147.2
1467,2015-10-30,1141.5
1468,2015-11-02,1135.8
1469,2015-11-03,1114.2
1470,2015-11-04,1106.5
1471,2015-11-05,1104.4
1472,2015-11-06,1087.6
1473,2015-11-09,1087.9
1474,2015-11-10,1088.2
1475,2015-11-11,1084.7
1476,2015-11-12,1080.8
1477,2015-11-13,1080.8
1478,2015-11-16,1083.7
1479,2015-11-17,1068.7
1480,2015-11-18,1068.8
1481,2015-11-19,1078.0
1482,2015-11-20,1076.4
1483,2015-11-23,1066.8
1484,2015-11-24,1074.3
1485,2015-11-25,1070.5
1486,2015-11-27,1056.2
1487,2015-11-30,1065.8
1488,2015-12-01,1063.8
1489,2015-12-02,1054.2
1490,2015-12-03,1061.7
1491,2015-12-04,1084.5
1492,2015-12-07,1076.4
1493,2015-12-08,1076.3
1494,2015-12-09,1077.6
1495,2015-12-10,1073.1
1496,2015-12-11,1076.9
1497,2015-12-14,1064.7
1498,2015-12-15,1062.9
1499,2015-12-16,1078.0
1500,2015-12-17,1050.8
1501,2015-12-18,1066.2
1502,2015-12-21,1081.9
1503,2015-12-22,1074.8
1504,2015-12-23,1069.4
1505,2015-12-24,1077.2
1506,2015-12-28,1070.5
1507,2015-12-29,1077.5
1508,2015-12-30,1060.1
1509,2015-12-31,1060.3
1510,2016-01-04,1075.1
1511,2016-01-05,1078.4
1512,2016-01-06,1091.9
1513,2016-01-07,1107.7
1514,2016-01-08,1097.8
1515,2016-01-11,1096.5
1516,2016-01-12,1085.6
1517,2016-01-13,1087.5
1518,2016-01-14,1073.9
1519,2016-01-15,1091.5
1520,2016-01-19,1089.9
1521,2016-01-20,1107.1
1522,2016-01-21,1099.1
1523,2016-01-22,1097.2
1524,2016-01-25,1106.2
1525,2016-01-26,1121.7
1526,2016-01-27,1116.1
1527,2016-01-28,1115.6
1528,2016-01-29,1116.4
1529,2016-02-01,1127.9
1530,2016-02-02,1127.3
1531,2016-02-03,1141.3
1532,2016-02-04,1157.6
1533,2016-02-05,1157.8
1534,2016-02-08,1197.9
1535,2016-02-09,1198.7
1536,2016-02-10,1194.7
1537,2016-02-11,1247.9
1538,2016-02-12,1239.1
1539,2016-02-16,1207.9
1540,2016-02-17,1211.1
1541,2016-02-18,1226.1
1542,2016-02-19,1230.4
1543,2016-02-22,1209.5
1544,2016-02-23,1222.3
1545,2016-02-24,1238.7
1546,2016-02-25,1238.2
1547,2016-02-26,1219.8
1548,2016-02-29,1233.9
1549,2016-03-01,1230.3
1550,2016-03-02,1241.1
1551,2016-03-03,1257.4
1552,2016-03-04,1269.9
1553,2016-03-07,1263.2
1554,2016-03-08,1262.1
1555,2016-03-09,1256.6
1556,2016-03-10,1272.0
1557,2016-03-11,1258.7
1558,2016-03-14,1244.4
1559,2016-03-15,1230.4
1560,2016-03-16,1229.3
1561,2016-03-17,1264.5
1562,2016-03-18,1253.8
1563,2016-03-21,1243.8
1564,2016-03-22,1248.2
1565,2016-03-23,1223.7
1566,2016-03-24,1221.4
1567,2016-03-28,1219.9
1568,2016-03-29,1235.6
1569,2016-03-30,1226.9
1570,2016-03-31,1234.2
1571,2016-04-01,1222.2
1572,2016-04-04,1218.0
1573,2016-04-05,1228.4
1574,2016-04-06,1222.5
1575,2016-04-07,1236.2
1576,2016-04-08,1242.5
1577,2016-04-11,1256.7
1578,2016-04-12,1259.4
1579,2016-04-13,1246.8
1580,2016-04-14,1225.0
1581,2016-04-15,1233.1
1582,2016-04-18,1233.6
1583,2016-04-19,1253.0
1584,2016-04-20,1253.2
1585,2016-04-21,1249.0
1586,2016-04-22,1228.7
1587,2016-04-25,1238.9
1588,2016-04-26,1242.2
1589,2016-04-27,1249.2
1590,2016-04-28,1265.5
1591,2016-04-29,1289.2
1592,2016-05-02,1294.7
1593,2016-05-03,1290.7
1594,2016-05-04,1273.3
1595,2016-05-05,1271.4
1596,2016-05-06,1292.9
1597,2016-05-09,1265.6
1598,2016-05-10,1263.9
1599,2016-05-11,1274.6
1600,2016-05-12,1270.3
1601,2016-05-13,1271.9
1602,2016-05-16,1273.4
1603,2016-05-17,1276.2
1604,2016-05-18,1273.7
1605,2016-05-19,1254.2
1606,2016-05-20,1252.4
1607,2016-05-23,1251.1
1608,2016-05-24,1228.9
1609,2016-05-25,1223.5
1610,2016-05-26,1220.1
1611,2016-05-27,1213.8
1612,2016-05-31,1214.8
1613,2016-06-01,1211.9
1614,2016-06-02,1209.8
1615,2016-06-03,1240.1
1616,2016-06-06,1244.6
1617,2016-06-07,1244.4
1618,2016-06-08,1259.8
1619,2016-06-09,1270.2
1620,2016-06-10,1273.4
1621,2016-06-13,1284.4
1622,2016-06-14,1285.6
1623,2016-06-15,1285.8
1624,2016-06-16,1296.1
1625,2016-06-17,1292.5
1626,2016-06-20,1290.0
1627,2016-06-21,1270.5
1628,2016-06-22,1268.0
1629,2016-06-23,1261.2
1630,2016-06-24,1320.0
1631,2016-06-27,1322.5
1632,2016-06-28,1315.3
1633,2016-06-29,1323.9
1634,2016-06-30,1318.4
1635,2016-07-01,1336.7
1636,2016-07-05,1356.4
1637,2016-07-06,1364.9
1638,2016-07-07,1360.1
1639,2016-07-08,1356.6
1640,2016-07-11,1355.0
1641,2016-07-12,1334.1
1642,2016-07-13,1342.4
1643,2016-07-14,1331.3
1644,2016-07-15,1326.5
1645,2016-07-18,1328.4
1646,2016-07-19,1331.5
1647,2016-07-20,1318.8
1648,2016-07-21,1330.5
1649,2016-07-22,1323.1
1650,2016-07-25,1319.3
1651,2016-07-26,1320.7
1652,2016-07-27,1326.6
1653,2016-07-28,1332.3
1654,2016-07-29,1349.0
1655,2016-08-01,1351.4
1656,2016-08-02,1364.4
1657,2016-08-03,1356.1
1658,2016-08-04,1358.8
1659,2016-08-05,1336.4
1660,2016-08-08,1333.4
1661,2016-08-09,1339.0
1662,2016-08-10,1344.3
1663,2016-08-11,1342.5
1664,2016-08-12,1335.8
1665,2016-08-15,1340.3
1666,2016-08-16,1350.5
1667,2016-08-17,1342.7
1668,2016-08-18,1351.2
1669,2016-08-19,1340.4
1670,2016-08-22,1337.7
1671,2016-08-23,1340.6
1672,2016-08-24,1324.4
1673,2016-08-25,1320.1
1674,2016-08-26,1321.5
1675,2016-08-29,1322.9
1676,2016-08-30,1311.7
1677,2016-08-31,1306.9
1678,2016-09-01,1312.2
1679,2016-09-02,1322.1
1680,2016-09-06,1349.4
1681,2016-09-07,1344.3
1682,2016-09-08,1336.8
1683,2016-09-09,1330.1
1684,2016-09-12,1321.0
1685,2016-09-13,1319.0
1686,2016-09-14,1321.5
1687,2016-09-15,1313.5
1688,2016-09-16,1305.8
1689,2016-09-19,1313.5
1690,2016-09-20,1313.7
1691,2016-09-21,1326.9
1692,2016-09-22,1340.4
1693,2016-09-23,1337.2
1694,2016-09-26,1339.7
1695,2016-09-27,1325.9
1696,2016-09-28,1319.4
1697,2016-09-29,1321.7
1698,2016-09-30,1313.3
1699,2016-10-03,1309.0
1700,2016-10-04,1266.3
1701,2016-10-05,1265.2
1702,2016-10-06,1249.8
1703,2016-10-07,1248.9
1704,2016-10-10,
1705,2016-10-11,1253.0
1706,2016-10-12,1251.1
1707,2016-10-13,1255.0
1708,2016-10-14,1253.1
1709,2016-10-17,1254.4
1710,2016-10-18,1260.8
1711,2016-10-19,1267.9
1712,2016-10-20,1265.6
1713,2016-10-21,1265.9
1714,2016-10-24,1262.0
1715,2016-10-25,1271.9
1716,2016-10-26,1264.8
1717,2016-10-27,1267.9
1718,2016-10-28,1275.5
1719,2016-10-31,1271.5
1720,2016-11-01,1286.4
1721,2016-11-02,1306.8
1722,2016-11-03,1302.1
1723,2016-11-04,1303.3
1724,2016-11-07,1278.3
1725,2016-11-08,1273.4
1726,2016-11-09,1272.6
1727,2016-11-10,1265.5
1728,2016-11-11,
1729,2016-11-14,1221.2
1730,2016-11-15,1224.0
1731,2016-11-16,1223.4
1732,2016-11-17,1216.5
1733,2016-11-18,1208.5
1734,2016-11-21,1209.6
1735,2016-11-22,1211.0
1736,2016-11-23,1189.1
1737,2016-11-25,1178.2
1738,2016-11-28,1190.6
1739,2016-11-29,1187.9
1740,2016-11-30,1170.8
1741,2016-12-01,1166.9
1742,2016-12-02,1175.1
1743,2016-12-05,1174.0
1744,2016-12-06,1167.6
1745,2016-12-07,1175.0
1746,2016-12-08,1169.8
1747,2016-12-09,1159.4
1748,2016-12-12,1163.5
1749,2016-12-13,1156.7
1750,2016-12-14,1161.3
1751,2016-12-15,1127.8
1752,2016-12-16,1135.3
1753,2016-12-19,1140.5
1754,2016-12-20,1131.5
1755,2016-12-21,1131.1
1756,2016-12-22,1128.8
1757,2016-12-23,1131.9
1758,2016-12-27,1137.3
1759,2016-12-28,1139.4
1760,2016-12-29,1156.4
1761,2016-12-30,1150.0
1762,2017-01-03,1160.4
1763,2017-01-04,1163.8
1764,2017-01-05,1179.7
1765,2017-01-06,1171.9
1766,2017-01-09,1183.5
1767,2017-01-10,1184.2
1768,2017-01-11,1195.6
1769,2017-01-12,1198.9
1770,2017-01-13,1195.3
1771,2017-01-17,1212.0
1772,2017-01-18,1211.3
1773,2017-01-19,1200.9
1774,2017-01-20,1204.3
1775,2017-01-23,1215.0
1776,2017-01-24,1210.3
1777,2017-01-25,1197.3
1778,2017-01-26,1189.5
1779,2017-01-27,1188.1
1780,2017-01-30,1193.2
1781,2017-01-31,1208.6
1782,2017-02-01,1205.6
1783,2017-02-02,1216.7
1784,2017-02-03,1218.5
1785,2017-02-06,1230.0
1786,2017-02-07,1234.2
1787,2017-02-08,1237.6
1788,2017-02-09,1235.1
1789,2017-02-10,1234.4
1790,2017-02-13,1224.4
1791,2017-02-14,1223.9
1792,2017-02-15,1231.7
1793,2017-02-16,1240.0
1794,2017-02-17,1237.6
1795,2017-02-21,1237.5
1796,2017-02-22,1232.0
1797,2017-02-23,1250.2
1798,2017-02-24,1256.9
1799,2017-02-27,1257.4
1800,2017-02-28,1252.6
1801,2017-03-01,1248.9
1802,2017-03-02,1231.9
1803,2017-03-03,1225.5
1804,2017-03-06,1224.5
1805,2017-03-07,1215.1
1806,2017-03-08,1208.5
1807,2017-03-09,1202.4
1808,2017-03-10,1200.7
1809,2017-03-13,1202.4
1810,2017-03-14,1201.9
1811,2017-03-15,1200.1
1812,2017-03-16,1226.5
1813,2017-03-17,1229.8
1814,2017-03-20,1233.6
1815,2017-03-21,1246.1
1816,2017-03-22,1249.3
1817,2017-03-23,1246.9
1818,2017-03-24,1248.2
1819,2017-03-27,1255.4
1820,2017-03-28,1255.3
1821,2017-03-29,1253.4
1822,2017-03-30,1245.0
1823,2017-03-31,1247.3
1824,2017-04-03,1250.8
1825,2017-04-04,1255.0
1826,2017-04-05,1245.4
1827,2017-04-06,1250.3
1828,2017-04-07,1254.3
1829,2017-04-10,1251.1
1830,2017-04-11,1271.2
1831,2017-04-12,1275.3
1832,2017-04-13,1285.9
1833,2017-04-17,1289.4
1834,2017-04-18,1291.7
1835,2017-04-19,1281.4
1836,2017-04-20,1281.9
1837,2017-04-21,1287.4
1838,2017-04-24,1275.8
1839,2017-04-25,1265.6
1840,2017-04-26,1262.1
1841,2017-04-27,1263.7
1842,2017-04-28,1266.1
1843,2017-05-01,1253.3
1844,2017-05-02,1255.1
1845,2017-05-03,1246.4
1846,2017-05-04,1226.5
1847,2017-05-05,1224.8
1848,2017-05-08,1225.3
1849,2017-05-09,1214.3
1850,2017-05-10,1217.3
1851,2017-05-11,1222.7
1852,2017-05-12,1226.2
1853,2017-05-15,1228.6
1854,2017-05-16,1235.0
1855,2017-05-17,1257.5
1856,2017-05-18,1251.7
1857,2017-05-19,1252.7
1858,2017-05-22,1260.7
1859,2017-05-23,1254.8
1860,2017-05-24,1252.4
1861,2017-05-25,1255.8
1862,2017-05-26,1267.6
1863,2017-05-30,1262.1
1864,2017-05-31,1272.0
1865,2017-06-01,1267.0
1866,2017-06-02,1276.8
1867,2017-06-05,1279.3
1868,2017-06-06,1294.4
1869,2017-06-07,1290.1
1870,2017-06-08,1276.3
1871,2017-06-09,1268.5
1872,2017-06-12,1266.1
1873,2017-06-13,1265.8
1874,2017-06-14,1272.8
1875,2017-06-15,1252.2
1876,2017-06-16,1254.0
1877,2017-06-19,1244.2
1878,2017-06-20,1241.0
1879,2017-06-21,1243.4
1880,2017-06-22,1247.6
1881,2017-06-23,1256.2
1882,2017-06-26,1246.3
1883,2017-06-27,1246.4
1884,2017-06-28,1248.0
1885,2017-06-29,1244.2
1886,2017-06-30,1240.7
1887,2017-07-03,1217.9
1888,2017-07-05,1220.4
1889,2017-07-06,1222.2
1890,2017-07-07,1208.6
1891,2017-07-10,1212.1
1892,2017-07-11,1213.6
1893,2017-07-12,1218.1
1894,2017-07-13,1216.3
1895,2017-07-14,1226.6
1896,2017-07-17,1232.8
1897,2017-07-18,1241.1
1898,2017-07-19,1241.2
1899,2017-07-20,1244.8
1900,2017-07-21,1254.3
1901,2017-07-24,1253.9
1902,2017-07-25,1251.7
1903,2017-07-26,1249.0
1904,2017-07-27,1259.6
1905,2017-07-28,1268.4
1906,2017-07-31,1266.6
1907,2017-08-01,1272.6
1908,2017-08-02,1271.8
1909,2017-08-03,1267.8
1910,2017-08-04,1258.3
1911,2017-08-07,1258.2
1912,2017-08-08,1256.4
1913,2017-08-09,1273.0
1914,2017-08-10,1283.7
1915,2017-08-11,1287.7
1916,2017-08-14,1284.2
1917,2017-08-15,1273.7
1918,2017-08-16,1276.9
1919,2017-08-17,1286.4
1920,2017-08-18,1285.7
1921,2017-08-21,1290.8
1922,2017-08-22,1285.1
1923,2017-08-23,1288.9
1924,2017-08-24,1286.5
1925,2017-08-25,1292.5
1926,2017-08-28,1309.7
1927,2017-08-29,1313.1
1928,2017-08-30,1308.1
1929,2017-08-31,1316.2
1930,2017-09-01,1324.5
1931,2017-09-05,1339.2
1932,2017-09-06,1333.9
1933,2017-09-07,1345.1
1934,2017-09-08,1346.0
1935,2017-09-11,1331.0
1936,2017-09-12,1328.0
1937,2017-09-13,1323.4
1938,2017-09-14,1324.7
1939,2017-09-15,1320.4
1940,2017-09-18,1306.3
1941,2017-09-19,1306.2
1942,2017-09-20,1312.0
1943,2017-09-21,1290.6
1944,2017-09-22,1293.3
1945,2017-09-25,1306.8
1946,2017-09-26,1297.0
1947,2017-09-27,1283.4
1948,2017-09-28,1285.5
1949,2017-09-29,1281.5
1950,2017-10-02,1272.7
1951,2017-10-03,1271.5
1952,2017-10-04,1273.7
1953,2017-10-05,1269.9
1954,2017-10-06,1271.6
1955,2017-10-09,1281.8
1956,2017-10-10,1290.6
1957,2017-10-11,1285.8
1958,2017-10-12,1293.3
1959,2017-10-13,1301.5
1960,2017-10-16,1299.9
1961,2017-10-17,1283.0
1962,2017-10-18,1279.9
1963,2017-10-19,1286.9
1964,2017-10-20,1277.4
1965,2017-10-23,1277.7
1966,2017-10-24,1275.0
1967,2017-10-25,1275.4
1968,2017-10-26,1266.3
1969,2017-10-27,1268.5
1970,2017-10-30,1274.1
1971,2017-10-31,1267.0
1972,2017-11-01,1274.1
1973,2017-11-02,1274.9
1974,2017-11-03,1266.5
1975,2017-11-06,1279.4
1976,2017-11-07,1273.7
1977,2017-11-08,1281.6
1978,2017-11-09,1285.6
1979,2017-11-10,1272.4
1980,2017-11-13,1277.3
1981,2017-11-14,1281.5
1982,2017-11-15,1276.5
1983,2017-11-16,1277.4
1984,2017-11-17,1295.8
1985,2017-11-20,1274.6
1986,2017-11-21,1281.1
1987,2017-11-22,1291.6
1988,2017-11-24,1286.7
1989,2017-11-27,1293.8
1990,2017-11-28,1294.7
1991,2017-11-29,1282.1
1992,2017-11-30,1273.2
1993,2017-12-01,1278.8
1994,2017-12-04,1274.3
1995,2017-12-05,1261.6
1996,2017-12-06,1262.8
1997,2017-12-07,1249.8
1998,2017-12-08,1245.2
1999,2017-12-11,1243.7
2000,2017-12-12,1238.5
2001,2017-12-13,1245.4
2002,2017-12-14,1253.8
2003,2017-12-15,1254.3
2004,2017-12-18,1262.2
2005,2017-12-19,1260.7
2006,2017-12-20,1266.1
2007,2017-12-21,1267.3
2008,2017-12-22,1275.4
2009,2017-12-26,1284.1
2010,2017-12-27,1287.0
2011,2017-12-28,1294.1
2012,2017-12-29,1306.3
2013,2018-01-02,1313.7
2014,2018-01-03,1316.2
2015,2018-01-04,1319.4
2016,2018-01-05,1320.3
2017,2018-01-08,1318.6
2018,2018-01-09,1311.7
2019,2018-01-10,1317.4
2020,2018-01-11,1320.6
2021,2018-01-12,1333.4
2022,2018-01-16,1335.4
2023,2018-01-17,1338.0
2024,2018-01-18,1326.0
2025,2018-01-19,1331.9
2026,2018-01-22,1330.9
2027,2018-01-23,1335.7
2028,2018-01-24,1355.9
2029,2018-01-25,1362.4
2030,2018-01-26,1351.6
2031,2018-01-29,
2032,2018-01-30,1335.4
2033,2018-01-31,1339.0
2034,2018-02-01,1344.3
2035,2018-02-02,1333.7
2036,2018-02-05,1333.0
2037,2018-02-06,1326.1
2038,2018-02-07,1311.6
2039,2018-02-08,1316.9
2040,2018-02-09,1313.1
2041,2018-02-12,1324.2
2042,2018-02-13,1328.1
2043,2018-02-14,1355.5
2044,2018-02-15,1352.1
2045,2018-02-16,1353.2
2046,2018-02-20,1328.8
2047,2018-02-21,1330.0
2048,2018-02-22,1330.6
2049,2018-02-23,1328.2
2050,2018-02-26,1330.7
2051,2018-02-27,1315.5
2052,2018-02-28,1315.5
2053,2018-03-01,1302.9
2054,2018-03-02,1321.1
2055,2018-03-05,1318.1
2056,2018-03-06,1333.6
2057,2018-03-07,1326.0
2058,2018-03-08,1319.9
2059,2018-03-09,1322.4
2060,2018-03-12,1319.4
2061,2018-03-13,1325.9
2062,2018-03-14,1324.4
2063,2018-03-15,1316.8
2064,2018-03-16,1311.3
2065,2018-03-19,1316.8
2066,2018-03-20,1311.1
2067,2018-03-21,1320.7
2068,2018-03-22,1326.6
2069,2018-03-23,1349.3
2070,2018-03-26,1354.4
2071,2018-03-27,1341.3
2072,2018-03-28,1324.2
2073,2018-03-29,1322.8
2074,2018-04-02,1342.1
2075,2018-04-03,1332.8
2076,2018-04-04,1335.8
2077,2018-04-05,1324.3
2078,2018-04-06,1331.9
2079,2018-04-09,1336.3
2080,2018-04-10,1342.0
2081,2018-04-11,1356.5
2082,2018-04-12,1338.4
2083,2018-04-13,1344.8
2084,2018-04-16,1347.5
2085,2018-04-17,1347.2
2086,2018-04-18,1351.2
2087,2018-04-19,1346.8
2088,2018-04-20,1336.7
2089,2018-04-23,1322.5
2090,2018-04-24,1331.4
2091,2018-04-25,1321.2
2092,2018-04-26,1316.3
2093,2018-04-27,1320.3
2094,2018-04-30,1316.2
2095,2018-05-01,1303.8
2096,2018-05-02,1302.6
2097,2018-05-03,1310.7
2098,2018-05-04,1312.7
2099,2018-05-07,1312.2
2100,2018-05-08,1312.0
2101,2018-05-09,1311.3
2102,2018-05-10,1320.8
2103,2018-05-11,1319.0
2104,2018-05-14,1316.5
2105,2018-05-15,1288.9
2106,2018-05-16,1290.2
2107,2018-05-17,1288.2
2108,2018-05-18,1290.2
2109,2018-05-21,1290.2
2110,2018-05-22,1291.7
2111,2018-05-23,1289.3
2112,2018-05-24,1303.7
2113,2018-05-25,1303.3
2114,2018-05-29,1298.7
2115,2018-05-30,1301.5
2116,2018-05-31,1300.1
2117,2018-06-01,1294.8
2118,2018-06-04,1293.1
2119,2018-06-05,1297.5
2120,2018-06-06,1297.1
2121,2018-06-07,1298.7
2122,2018-06-08,1298.1
2123,2018-06-11,1298.9
2124,2018-06-12,1295.1
2125,2018-06-13,1296.9
2126,2018-06-14,1304.0
2127,2018-06-15,1274.6
2128,2018-06-18,1276.2
2129,2018-06-19,1275.6
2130,2018-06-20,1271.2
2131,2018-06-21,1267.2
2132,2018-06-22,1267.4
2133,2018-06-25,1265.6
2134,2018-06-26,1256.6
2135,2018-06-27,1252.8
2136,2018-06-28,1247.8
2137,2018-06-29,1251.3
2138,2018-07-02,1239.8
2139,2018-07-03,1251.6
2140,2018-07-05,1257.3
2141,2018-07-06,1254.3
2142,2018-07-09,1258.1
2143,2018-07-10,1253.8
2144,2018-07-11,1242.8
2145,2018-07-12,1245.0
2146,2018-07-13,1239.6
2147,2018-07-16,1238.1
2148,2018-07-17,1225.7
2149,2018-07-18,1226.3
2150,2018-07-19,1222.4
2151,2018-07-20,1229.5
2152,2018-07-23,1224.0
2153,2018-07-24,1223.9
2154,2018-07-25,1231.4
2155,2018-07-26,1225.3
2156,2018-07-27,1222.6
2157,2018-07-30,1221.3
2158,2018-07-31,1223.7
2159,2018-08-01,1217.9
2160,2018-08-02,1210.6
2161,2018-08-03,1214.2
2162,2018-08-06,1208.6
2163,2018-08-07,1209.6
2164,2018-08-08,1212.6
2165,2018-08-09,1211.9
2166,2018-08-10,1211.1
2167,2018-08-13,1191.3
2168,2018-08-14,1193.0
2169,2018-08-15,1177.5
2170,2018-08-16,1176.2
2171,2018-08-17,1176.5
2172,2018-08-20,1186.8
2173,2018-08-21,1192.6
2174,2018-08-22,1196.3
2175,2018-08-23,1187.0
2176,2018-08-24,1206.3
2177,2018-08-27,1209.0
2178,2018-08-28,1207.4
2179,2018-08-29,1204.5
2180,2018-08-30,1197.7
2181,2018-08-31,1200.3
2182,2018-09-04,1192.7
2183,2018-09-05,1194.9
2184,2018-09-06,1197.9
2185,2018-09-07,1193.6
2186,2018-09-10,1193.0
2187,2018-09-11,1195.4
2188,2018-09-12,1204.7
2189,2018-09-13,1202.0
2190,2018-09-14,1195.0
2191,2018-09-17,1199.7
2192,2018-09-18,1196.8
2193,2018-09-19,1202.2
2194,2018-09-20,1206.2
2195,2018-09-21,1196.2
2196,2018-09-24,1199.3
2197,2018-09-25,1200.0
2198,2018-09-26,1194.0
2199,2018-09-27,1182.3
2200,2018-09-28,1191.5
2201,2018-10-01,1187.1
2202,2018-10-02,1202.4
2203,2018-10-03,1198.3
2204,2018-10-04,1197.2
2205,2018-10-05,1201.2
2206,2018-10-08,1184.4
2207,2018-10-09,1187.2
2208,2018-10-10,1189.3
2209,2018-10-11,1223.5
2210,2018-10-12,1218.1
2211,2018-10-15,1226.4
2212,2018-10-16,1227.3
2213,2018-10-17,1223.7
2214,2018-10-18,1226.5
2215,2018-10-19,1225.3
2216,2018-10-22,1221.2
2217,2018-10-23,1233.4
2218,2018-10-24,1227.8
2219,2018-10-25,1229.1
2220,2018-10-26,1232.5
2221,2018-10-29,1224.5
2222,2018-10-30,1222.6
2223,2018-10-31,1212.3
2224,2018-11-01,1236.0
2225,2018-11-02,1230.9
2226,2018-11-05,1229.8
2227,2018-11-06,1223.8
2228,2018-11-07,1226.2
2229,2018-11-08,1222.9
2230,2018-11-09,1206.4
2231,2018-11-12,1201.3
2232,2018-11-13,1199.2
2233,2018-11-14,1207.9
2234,2018-11-15,1212.8
2235,2018-11-16,1220.8
2236,2018-11-19,1223.1
2237,2018-11-20,1219.0
2238,2018-11-21,1225.8
2239,2018-11-23,1221.0
2240,2018-11-26,1220.2
2241,2018-11-27,1211.2
2242,2018-11-28,1221.4
2243,2018-11-29,1224.1
2244,2018-11-30,1220.2
2245,2018-12-03,1233.9
2246,2018-12-04,1241.1
2247,2018-12-06,1238.1
2248,2018-12-07,1246.8
2249,2018-12-10,1243.7
2250,2018-12-11,1241.9
2251,2018-12-12,1244.4
2252,2018-12-13,1242.7
2253,2018-12-14,1237.0
2254,2018-12-17,1247.4
2255,2018-12-18,1249.2
2256,2018-12-19,1252.1
2257,2018-12-20,1263.6
2258,2018-12-21,1253.8
2259,2018-12-24,1267.5
2260,2018-12-26,1269.2
2261,2018-12-27,1277.3
2262,2018-12-28,1279.9
2263,2018-12-31,1278.3
2264,2019-01-02,1281.0
2265,2019-01-03,1291.8
2266,2019-01-04,1282.7
2267,2019-01-07,1286.8
2268,2019-01-08,1283.2
2269,2019-01-09,1289.3
2270,2019-01-10,1284.7
2271,2019-01-11,1287.1
2272,2019-01-14,1289.1
2273,2019-01-15,1286.2
2274,2019-01-16,1291.6
2275,2019-01-17,1291.0
2276,2019-01-18,1281.3
2277,2019-01-22,1282.5
2278,2019-01-23,1283.1
2279,2019-01-24,1279.1
2280,2019-01-25,1297.4
2281,2019-01-28,1302.4
2282,2019-01-29,1308.2
2283,2019-01-30,1309.9
2284,2019-01-31,1319.7
2285,2019-02-01,1316.9
2286,2019-02-04,1314.3
2287,2019-02-05,1314.2
2288,2019-02-06,1309.5
2289,2019-02-07,1309.4
2290,2019-02-08,1313.7
2291,2019-02-11,1307.0
2292,2019-02-12,1309.2
2293,2019-02-13,1310.8
2294,2019-02-14,1309.8
2295,2019-02-15,1318.1
2296,2019-02-19,1340.1
2297,2019-02-20,1343.3
2298,2019-02-21,1323.5
2299,2019-02-22,1329.2
2300,2019-02-25,1325.9
2301,2019-02-26,1325.1
2302,2019-02-27,1317.7
2303,2019-02-28,1312.8
2304,2019-03-01,1296.4
2305,2019-03-04,1284.8
2306,2019-03-05,1282.0
2307,2019-03-06,1284.9
2308,2019-03-07,1283.8
2309,2019-03-08,1297.0
2310,2019-03-11,1288.8
2311,2019-03-12,1296.3
2312,2019-03-13,1307.5
2313,2019-03-14,1293.4
2314,2019-03-15,1301.8
2315,2019-03-18,1300.3
2316,2019-03-19,1305.0
2317,2019-03-20,1300.5
2318,2019-03-21,1306.1
2319,2019-03-22,1311.6
2320,2019-03-25,1321.9
2321,2019-03-26,1314.3
2322,2019-03-27,1309.9
2323,2019-03-28,1289.8
2324,2019-03-29,1293.0
2325,2019-04-01,1288.4
2326,2019-04-02,1290.0
2327,2019-04-03,1289.9
2328,2019-04-04,1289.0
2329,2019-04-05,1290.4
2330,2019-04-08,1297.1
2331,2019-04-09,1303.5
2332,2019-04-10,1309.1
2333,2019-04-11,1288.6
2334,2019-04-12,1290.6
2335,2019-04-15,1286.8
2336,2019-04-16,1272.6
2337,2019-04-17,1272.2
2338,2019-04-18,1271.9
2339,2019-04-22,1273.5
2340,2019-04-23,1269.3
2341,2019-04-24,1275.5
2342,2019-04-25,1275.8
2343,2019-04-26,1284.9
2344,2019-04-29,1278.6
2345,2019-04-30,1282.8
2346,2019-05-01,1281.4
2347,2019-05-02,1269.7
2348,2019-05-03,1279.2
2349,2019-05-06,1281.7
2350,2019-05-07,1283.5
2351,2019-05-08,1279.4
2352,2019-05-09,1283.5
2353,2019-05-10,1285.7
2354,2019-05-13,1300.1
2355,2019-05-14,1294.7
2356,2019-05-15,1296.3
2357,2019-05-16,1285.0
2358,2019-05-17,1274.5
2359,2019-05-20,1276.1
2360,2019-05-21,1272.0
2361,2019-05-22,1273.6
2362,2019-05-23,1284.8
2363,2019-05-24,1283.0
2364,2019-05-28,1276.5
2365,2019-05-29,1280.6
2366,2019-05-30,1287.1
2367,2019-05-31,1305.8
2368,2019-06-03,1322.7
2369,2019-06-04,1323.4
2370,2019-06-05,1328.3
2371,2019-06-06,1337.6
2372,2019-06-07,1341.2
2373,2019-06-10,1324.7
2374,2019-06-11,1326.4
2375,2019-06-12,1331.9
2376,2019-06-13,1339.2
2377,2019-06-14,1340.1
2378,2019-06-17,1338.7
2379,2019-06-18,1346.6
2380,2019-06-19,1344.6
2381,2019-06-20,1392.9
2382,2019-06-21,1396.2
2383,2019-06-24,1414.3
2384,2019-06-25,1414.9
2385,2019-06-26,1411.6
2386,2019-06-27,1408.4
2387,2019-06-28,1409.7
2388,2019-07-01,1385.6
2389,2019-07-02,1404.6
2390,2019-07-03,1417.7
2391,2019-07-05,1396.7
2392,2019-07-08,1397.0
2393,2019-07-09,1397.5
2394,2019-07-10,1410.1
2395,2019-07-11,1404.3
2396,2019-07-12,1409.9
2397,2019-07-15,1411.4
2398,2019-07-16,1409.2
2399,2019-07-17,1421.3
2400,2019-07-18,1426.1
2401,2019-07-19,1425.1
2402,2019-07-22,1425.3
2403,2019-07-23,1420.1
2404,2019-07-24,1422.8
2405,2019-07-25,1413.9
2406,2019-07-26,1418.5
2407,2019-07-29,1419.6
2408,2019-07-30,1429.7
2409,2019-07-31,1426.1
2410,2019-08-01,1420.9
2411,2019-08-02,1445.6
2412,2019-08-05,1464.6
2413,2019-08-06,1472.4
2414,2019-08-07,1507.3
2415,2019-08-08,1497.7
2416,2019-08-09,1496.6
2417,2019-08-12,1505.3
2418,2019-08-13,1502.2
2419,2019-08-14,1515.9
2420,2019-08-15,1519.6
2421,2019-08-16,1512.5
2422,2019-08-19,1500.4
2423,2019-08-20,1504.6
2424,2019-08-21,1504.6
2425,2019-08-22,1497.3
2426,2019-08-23,1526.6
2427,2019-08-26,1526.3
2428,2019-08-27,1541.0
2429,2019-08-28,1537.8
2430,2019-08-29,1526.5
2431,2019-08-30,1519.1
2432,2019-09-03,1545.9
2433,2019-09-04,1550.3
2434,2019-09-05,1515.4
2435,2019-09-06,1506.2
2436,2019-09-09,1502.2
2437,2019-09-10,1490.3
2438,2019-09-11,1494.4
2439,2019-09-12,1498.7
2440,2019-09-13,1490.9
2441,2019-09-16,1503.1
2442,2019-09-17,1505.1
2443,2019-09-18,1507.5
2444,2019-09-19,1498.4
2445,2019-09-20,1507.3
2446,2019-09-23,1523.7
2447,2019-09-24,1532.1
2448,2019-09-25,1504.6
2449,2019-09-26,1507.5
2450,2019-09-27,1499.1
2451,2019-09-30,1465.7
2452,2019-10-01,1482.0
2453,2019-10-02,1501.0
2454,2019-10-03,1507.1
2455,2019-10-04,1506.2
2456,2019-10-07,1497.7
2457,2019-10-08,1497.2
2458,2019-10-09,1506.1
2459,2019-10-10,1494.8
2460,2019-10-11,1482.7
2461,2019-10-14,1491.7
2462,2019-10-15,1477.6
2463,2019-10-16,1488.0
2464,2019-10-17,1492.3
2465,2019-10-18,1488.2
2466,2019-10-21,1482.4
2467,2019-10-22,1481.7
2468,2019-10-23,1489.9
2469,2019-10-24,1498.9
2470,2019-10-25,1499.5
2471,2019-10-28,1490.0
2472,2019-10-29,1487.0
2473,2019-10-30,1493.2
2474,2019-10-31,1511.4
2475,2019-11-01,1508.0
2476,2019-11-04,1508.0
2477,2019-11-05,1480.8
2478,2019-11-06,1490.2
2479,2019-11-07,1464.2
2480,2019-11-08,1461.3
2481,2019-11-11,1455.5
2482,2019-11-12,1452.1
2483,2019-11-13,1461.7
2484,2019-11-14,1471.8
2485,2019-11-15,1467.3
2486,2019-11-18,1470.9
2487,2019-11-19,1473.3
2488,2019-11-20,1473.3
2489,2019-11-21,1463.1
2490,2019-11-22,1463.1
2491,2019-11-25,1456.6
2492,2019-11-26,1459.8
2493,2019-11-27,1453.4
2494,2019-11-29,1465.6
2495,2019-12-02,1462.3
2496,2019-12-03,1478.2
2497,2019-12-04,1474.0
2498,2019-12-05,1476.9
2499,2019-12-06,1459.1
2500,2019-12-09,1459.3
2501,2019-12-10,1462.6
2502,2019-12-11,1469.4
2503,2019-12-12,1466.7
2504,2019-12-13,1475.6
2505,2019-12-16,1475.0
2506,2019-12-17,1474.6
2507,2019-12-18,1472.6
2508,2019-12-19,1478.2
2509,2019-12-20,1474.7
2510,2019-12-23,1482.5
2511,2019-12-24,1499.1
2512,2019-12-26,1509.3
2513,2019-12-27,1513.8
2514,2019-12-30,1514.5
2515,2019-12-31,1519.5
2516,2020-01-02,1524.5
2517,2020-01-03,1549.2
2518,2020-01-06,1566.2
2519,2020-01-07,1571.8
2520,2020-01-08,1557.4
2521,2020-01-09,1551.7
2522,2020-01-10,1557.5
2523,2020-01-13,1548.4
2524,2020-01-14,1542.4
2525,2020-01-15,1552.1
2526,2020-01-16,1549.0
2527,2020-01-17,1558.8
2528,2020-01-21,1556.4
2529,2020-01-22,1555.3
2530,2020-01-23,1564.6
2531,2020-01-24,1571.1
2532,2020-01-27,1576.8
2533,2020-01-28,1569.2
2534,2020-01-29,1569.8
2535,2020-01-30,1583.5
2536,2020-01-31,1582.9
2537,2020-02-03,1577.2
2538,2020-02-04,1550.4
2539,2020-02-05,1557.8
2540,2020-02-06,1565.1
2541,2020-02-07,1568.6
2542,2020-02-10,1574.7
2543,2020-02-11,1565.6
2544,2020-02-12,1567.4
2545,2020-02-13,1575.1
2546,2020-02-14,1582.7
2547,2020-02-18,1600.0
2548,2020-02-19,1607.5
2549,2020-02-20,1616.6
2550,2020-02-21,1644.6
2551,2020-02-24,1672.4
2552,2020-02-25,1646.9
2553,2020-02-26,1640.0
2554,2020-02-27,1640.0
2555,2020-02-28,1564.1
2556,2020-03-02,1592.3
2557,2020-03-03,1642.1
2558,2020-03-04,1641.1
2559,2020-03-05,1666.4
2560,2020-03-06,1670.8
2561,2020-03-09,1674.5
2562,2020-03-10,1659.1
2563,2020-03-11,1641.4
2564,2020-03-12,1589.3
2565,2020-03-13,1515.7
2566,2020-03-16,1485.9
2567,2020-03-17,1524.9
2568,2020-03-18,1477.3
2569,2020-03-19,1478.6
2570,2020-03-20,1484.0
2571,2020-03-23,1567.0
2572,2020-03-24,1660.2
2573,2020-03-25,1632.3
2574,2020-03-26,1650.1
2575,2020-03-27,1623.9
2576,2020-03-30,1622.0
2577,2020-03-31,1583.4
2578,2020-04-01,1578.2
2579,2020-04-02,1625.7
2580,2020-04-03,1633.7
2581,2020-04-06,1677.0
2582,2020-04-07,1664.8
2583,2020-04-08,1665.4
2584,2020-04-09,1736.2
2585,2020-04-13,1744.8
2586,2020-04-14,1756.7
2587,2020-04-15,1727.2
2588,2020-04-16,1720.4
2589,2020-04-17,1689.2
2590,2020-04-20,1701.6
2591,2020-04-21,1678.2
2592,2020-04-22,1728.7
2593,2020-04-23,1733.3
2594,2020-04-24,1723.5
2595,2020-04-27,1711.9
2596,2020-04-28,1710.5
2597,2020-04-29,1703.4
2598,2020-04-30,1684.2
2599,2020-05-01,1694.5
2600,2020-05-04,1706.9
2601,2020-05-05,1704.4
2602,2020-05-06,1684.2
2603,2020-05-07,1721.8
2604,2020-05-08,1709.9
2605,2020-05-11,1695.3
2606,2020-05-12,1704.4
2607,2020-05-13,1713.9
2608,2020-05-14,1738.1
2609,2020-05-15,1753.4
2610,2020-05-18,1731.8
2611,2020-05-19,1744.2
2612,2020-05-20,1750.6
2613,2020-05-21,1720.5
2614,2020-05-22,1734.6
2615,2020-05-26,1704.8
2616,2020-05-27,1710.3
2617,2020-05-28,1713.3
2618,2020-05-29,1736.9
2619,2020-06-01,1737.8
2620,2020-06-02,1725.2
2621,2020-06-03,1697.8
2622,2020-06-04,1718.9
2623,2020-06-05,1676.2
2624,2020-06-08,1698.3
2625,2020-06-09,1714.7
2626,2020-06-10,1713.3
2627,2020-06-11,1732.0
2628,2020-06-12,1729.3
2629,2020-06-15,1720.3
2630,2020-06-16,1729.6
2631,2020-06-17,1729.2
2632,2020-06-18,1724.8
2633,2020-06-19,1745.9
2634,2020-06-22,1756.7
2635,2020-06-23,1772.1
2636,2020-06-24,1765.8
2637,2020-06-25,1762.1
2638,2020-06-26,1772.5
2639,2020-06-29,1774.8
2640,2020-06-30,1793.0
2641,2020-07-01,1773.2
2642,2020-07-02,1784.0
2643,2020-07-06,1788.5
2644,2020-07-07,1804.2
2645,2020-07-08,1815.5
2646,2020-07-09,1799.2
2647,2020-07-10,1798.2
2648,2020-07-13,1811.0
2649,2020-07-14,1810.6
2650,2020-07-15,1811.4
2651,2020-07-16,1798.7
2652,2020-07-17,1808.3
2653,2020-07-20,1815.9
2654,2020-07-21,1842.4
2655,2020-07-22,1864.1
2656,2020-07-23,1889.1
2657,2020-07-24,1897.3
2658,2020-07-27,1931.0
2659,2020-07-28,1944.7
2660,2020-07-29,1953.5
2661,2020-07-30,1942.3
2662,2020-07-31,1962.8
2663,2020-08-03,1966.0
2664,2020-08-04,2001.2
2665,2020-08-05,2031.1
2666,2020-08-06,2051.5
2667,2020-08-07,2010.1
2668,2020-08-10,2024.4
2669,2020-08-11,1932.6
2670,2020-08-12,1934.9
2671,2020-08-13,1956.7
2672,2020-08-14,1937.0
2673,2020-08-17,1985.0
2674,2020-08-18,1999.4
2675,2020-08-19,1958.7
2676,2020-08-20,1933.8
2677,2020-08-21,1934.6
2678,2020-08-24,1927.7
2679,2020-08-25,1911.8
2680,2020-08-26,1940.7
2681,2020-08-27,1921.6
2682,2020-08-28,1964.6
2683,2020-08-31,1967.6
2684,2020-09-01,1968.2
2685,2020-09-02,1934.4
2686,2020-09-03,1927.6
2687,2020-09-04,1923.9
2688,2020-09-08,1933.0
2689,2020-09-09,1944.7
2690,2020-09-10,1954.2
2691,2020-09-11,1937.8
2692,2020-09-14,1953.1
2693,2020-09-15,1956.3
2694,2020-09-16,1960.2
2695,2020-09-17,1940.0
2696,2020-09-18,1952.1
2697,2020-09-21,1901.2
2698,2020-09-22,1898.6
2699,2020-09-23,1859.9
2700,2020-09-24,1868.3
2701,2020-09-25,1857.7
2702,2020-09-28,1872.8
2703,2020-09-29,1894.3
2704,2020-09-30,1887.5
2705,2020-10-01,1908.4
2706,2020-10-02,1900.2
2707,2020-10-05,1912.5
2708,2020-10-06,1901.1
2709,2020-10-07,1883.6
2710,2020-10-08,1888.6
2711,2020-10-09,1919.5
2712,2020-10-12,1922.5
2713,2020-10-13,1888.5
2714,2020-10-14,1901.3
2715,2020-10-15,1903.2
2716,2020-10-16,1900.8
2717,2020-10-19,1906.4
2718,2020-10-20,1910.4
2719,2020-10-21,1924.6
2720,2020-10-22,1901.1
2721,2020-10-23,1902.0
2722,2020-10-26,1902.7
2723,2020-10-27,1908.8
2724,2020-10-28,1876.2
2725,2020-10-29,1865.6
2726,2020-10-30,1877.4
2727,2020-11-02,1890.4
2728,2020-11-03,1908.5
2729,2020-11-04,1894.6
2730,2020-11-05,1945.3
2731,2020-11-06,1950.3
2732,2020-11-09,1853.2
2733,2020-11-10,1875.4
2734,2020-11-11,1860.7
2735,2020-11-12,1872.6
2736,2020-11-13,1885.7
2737,2020-11-16,1887.3
2738,2020-11-17,1884.5
2739,2020-11-18,1873.5
2740,2020-11-19,1861.1
2741,2020-11-20,1872.6
2742,2020-11-23,1837.8
2743,2020-11-24,1804.8
2744,2020-11-25,1805.7
2745,2020-11-27,1781.9
2746,2020-11-30,1775.7
2747,2020-12-01,1814.1
2748,2020-12-02,1825.7
2749,2020-12-03,1836.8
2750,2020-12-04,1835.9
2751,2020-12-07,1861.8
2752,2020-12-08,1870.8
2753,2020-12-09,1834.6
2754,2020-12-10,1833.6
2755,2020-12-11,1839.8
2756,2020-12-14,1828.7
2757,2020-12-15,1852.3
2758,2020-12-16,1856.1
2759,2020-12-17,1887.2
2760,2020-12-18,1885.7
2761,2020-12-21,1879.2
2762,2020-12-22,1866.6
2763,2020-12-23,1874.7
2764,2020-12-24,1879.9
2765,2020-12-28,1877.2
2766,2020-12-29,1879.7
2767,2020-12-30,1891.0
2768,2020-12-31,1893.1
2769,2021-01-04,1944.7
2770,2021-01-05,1952.7
2771,2021-01-06,1906.9
2772,2021-01-07,1912.3
2773,2021-01-08,1834.1
2774,2021-01-11,1849.6
2775,2021-01-12,1842.9
2776,2021-01-13,1853.6
2777,2021-01-14,1850.3
2778,2021-01-15,1829.3
2779,2021-01-19,1839.5
2780,2021-01-20,1865.9
2781,2021-01-21,1865.3
2782,2021-01-22,1855.7
2783,2021-01-25,1854.9
2784,2021-01-26,1850.7
2785,2021-01-27,1844.9
2786,2021-01-28,1837.9
2787,2021-01-29,1847.3
2788,2021-02-01,1860.8
2789,2021-02-02,1830.5
2790,2021-02-03,1832.2
2791,2021-02-04,1788.9
2792,2021-02-05,1810.9
2793,2021-02-08,1831.9
2794,2021-02-09,1835.3
2795,2021-02-10,1840.6
2796,2021-02-11,1824.9
2797,2021-02-12,1821.6
2798,2021-02-16,1797.2
2799,2021-02-17,1771.1
2800,2021-02-18,1773.4
2801,2021-02-19,1775.8
2802,2021-02-22,1806.7
2803,2021-02-23,1804.4
2804,2021-02-24,1796.4
2805,2021-02-25,1774.4
2806,2021-02-26,1728.1
2807,2021-03-01,1722.5
2808,2021-03-02,1733.1
2809,2021-03-03,1715.3
2810,2021-03-04,1700.2
2811,2021-03-05,1698.0
2812,2021-03-08,1677.7
2813,2021-03-09,1716.6
2814,2021-03-10,1721.5
2815,2021-03-11,1722.3
2816,2021-03-12,1719.5
2817,2021-03-15,1728.9
2818,2021-03-16,1730.6
2819,2021-03-17,1726.8
2820,2021-03-18,1732.2
2821,2021-03-19,1741.4
2822,2021-03-22,1737.8
2823,2021-03-23,1724.7
2824,2021-03-24,1732.9
2825,2021-03-25,1724.9
2826,2021-03-26,1732.2
2827,2021-03-29,1712.1
2828,2021-03-30,1683.9
2829,2021-03-31,1713.8
2830,2021-04-01,1726.5
2831,2021-04-05,1727.0
2832,2021-04-06,1741.5
2833,2021-04-07,1740.1
2834,2021-04-08,1756.8
2835,2021-04-09,1743.3
2836,2021-04-12,1731.2
2837,2021-04-13,1746.2
2838,2021-04-14,1734.9
2839,2021-04-15,1765.4
2840,2021-04-16,1779.0
2841,2021-04-19,1769.4
2842,2021-04-20,1777.3
2843,2021-04-21,1792.3
2844,2021-04-22,1781.2
2845,2021-04-23,1777.0
2846,2021-04-26,1779.2
2847,2021-04-27,1778.0
2848,2021-04-28,1773.2
2849,2021-04-29,1768.1
2850,2021-04-30,1767.3
2851,2021-05-03,1791.4
2852,2021-05-04,1775.8
2853,2021-05-05,1784.1
2854,2021-05-06,1815.5
2855,2021-05-07,1831.1
2856,2021-05-10,1837.5
2857,2021-05-11,1835.9
2858,2021-05-12,1822.6
2859,2021-05-13,1823.8
2860,2021-05-14,1837.9
2861,2021-05-17,1867.5
2862,2021-05-18,1867.8
2863,2021-05-19,1881.3
2864,2021-05-20,1881.8
2865,2021-05-21,1876.7
2866,2021-05-24,1884.6
2867,2021-05-25,1898.1
2868,2021-05-26,1901.3
2869,2021-05-27,1895.7
2870,2021-05-28,1902.5
2871,2021-06-01,1902.9
2872,2021-06-02,1907.5
2873,2021-06-03,1871.2
2874,2021-06-04,1889.8
2875,2021-06-07,1896.8
2876,2021-06-08,1892.2
2877,2021-06-09,1893.2
2878,2021-06-10,1894.2
2879,2021-06-11,1877.4
2880,2021-06-14,1864.0
2881,2021-06-15,1854.5
2882,2021-06-16,1859.5
2883,2021-06-17,1773.8
2884,2021-06-18,1767.9
2885,2021-06-21,1781.8
2886,2021-06-22,1776.3
2887,2021-06-23,1782.3
2888,2021-06-24,1775.6
2889,2021-06-25,1776.6
2890,2021-06-28,1779.6
2891,2021-06-29,1762.8
2892,2021-06-30,1770.8
2893,2021-07-01,1775.9
2894,2021-07-02,1782.6
2895,2021-07-06,1793.5
2896,2021-07-07,1801.5
2897,2021-07-08,1799.6
2898,2021-07-09,1810.0
2899,2021-07-12,1805.5
2900,2021-07-13,1809.4
2901,2021-07-14,1824.3
2902,2021-07-15,1828.4
2903,2021-07-16,1814.5
2904,2021-07-19,1808.7
2905,2021-07-20,1810.9
2906,2021-07-21,1802.9
2907,2021-07-22,1805.0
2908,2021-07-23,1801.4
2909,2021-07-26,1798.7
2910,2021-07-27,1799.5
2911,2021-07-28,1799.5
2912,2021-07-29,1831.2
2913,2021-07-30,1812.6
2914,2021-08-02,1818.1
2915,2021-08-03,1810.1
2916,2021-08-04,1810.5
2917,2021-08-05,1805.1
2918,2021-08-06,1760.0
2919,2021-08-09,1723.4
2920,2021-08-10,1728.8
2921,2021-08-11,1750.4
2922,2021-08-12,1749.0
2923,2021-08-13,1775.2
2924,2021-08-16,1786.9
2925,2021-08-17,1785.0
2926,2021-08-18,1781.6
2927,2021-08-19,1780.2
2928,2021-08-20,1781.0
2929,2021-08-23,1803.2
2930,2021-08-24,1805.6
2931,2021-08-25,1788.2
2932,2021-08-26,1792.2
2933,2021-08-27,1816.6
2934,2021-08-30,1809.0
2935,2021-08-31,1815.0
2936,2021-09-01,1813.1
2937,2021-09-02,1808.7
2938,2021-09-03,1830.9
2939,2021-09-07,1795.9
2940,2021-09-08,1790.7
2941,2021-09-09,1797.4
2942,2021-09-10,1789.6
2943,2021-09-13,1792.0
2944,2021-09-14,1804.7
2945,2021-09-15,1792.4
2946,2021-09-16,1754.6
2947,2021-09-17,1749.4
2948,2021-09-20,1761.8
2949,2021-09-21,1776.0
2950,2021-09-22,1776.7
2951,2021-09-23,1747.7
2952,2021-09-24,1749.7
2953,2021-09-27,1750.0
2954,2021-09-28,1735.8
2955,2021-09-29,1721.5
2956,2021-09-30,1755.3
2957,2021-10-01,1757.0
2958,2021-10-04,1766.2
2959,2021-10-05,1759.6
2960,2021-10-06,1760.5
2961,2021-10-07,1757.9
2962,2021-10-08,1756.3
2963,2021-10-11,1754.6
2964,2021-10-12,1758.3
2965,2021-10-13,1793.7
2966,2021-10-14,1796.7
2967,2021-10-15,1767.2
2968,2021-10-18,1764.8
2969,2021-10-19,1769.7
2970,2021-10-20,1784.1
2971,2021-10-21,1781.2
2972,2021-10-22,1795.5
2973,2021-10-25,1806.0
2974,2021-10-26,1792.7
2975,2021-10-27,1797.9
2976,2021-10-28,1801.6
2977,2021-10-29,1783.0
2978,2021-11-01,1795.1
2979,2021-11-02,1788.7
2980,2021-11-03,1763.6
2981,2021-11-04,1793.0
2982,2021-11-05,1816.4
2983,2021-11-08,1827.4
2984,2021-11-09,1830.2
2985,2021-11-10,1847.6
2986,2021-11-11,1863.2
2987,2021-11-12,1867.9
2988,2021-11-15,1866.1
2989,2021-11-16,1853.6
2990,2021-11-17,1869.7
2991,2021-11-18,1861.0
2992,2021-11-19,1851.2
2993,2021-11-22,1806.0
2994,2021-11-23,1783.5
2995,2021-11-24,1784.1
2996,2021-11-26,1785.3
2997,2021-11-29,1782.3
2998,2021-11-30,1773.6
2999,2021-12-01,1781.6
3000,2021-12-02,1760.7
3001,2021-12-03,1782.0
3002,2021-12-06,1777.5
3003,2021-12-07,1782.6
3004,2021-12-08,1783.4
3005,2021-12-09,1774.6
3006,2021-12-10,1782.9
3007,2021-12-13,1786.3
3008,2021-12-14,1770.4
3009,2021-12-15,1762.6
3010,2021-12-16,1796.6
3011,2021-12-17,1803.8
3012,2021-12-20,1793.7
3013,2021-12-21,1787.9
3014,2021-12-22,1801.6
3015,2021-12-23,1811.2
3016,2021-12-27,1808.1
3017,2021-12-28,1810.2
3018,2021-12-29,1805.1
3019,2021-12-30,1812.7
3020,2021-12-31,1827.5
3021,2022-01-03,1799.4
3022,2022-01-04,1814.0
3023,2022-01-05,1824.6
3024,2022-01-06,1788.7
3025,2022-01-07,1797.0
3026,2022-01-10,1798.4
3027,2022-01-11,1818.6
3028,2022-01-12,1827.2
3029,2022-01-13,1821.2
3030,2022-01-14,1816.5
3031,2022-01-18,1812.3
3032,2022-01-19,1843.1
3033,2022-01-20,1842.5
3034,2022-01-21,1831.8
3035,2022-01-24,1841.7
3036,2022-01-25,1852.7
3037,2022-01-26,1829.9
3038,2022-01-27,1793.3
3039,2022-01-28,1784.9
3040,2022-01-31,1795.0
3041,2022-02-01,1800.3
3042,2022-02-02,1809.2
3043,2022-02-03,1803.0
3044,2022-02-04,1806.6
3045,2022-02-07,1820.6
3046,2022-02-08,1826.6
3047,2022-02-09,1835.2
3048,2022-02-10,1836.2
3049,2022-02-11,1840.8
3050,2022-02-14,1868.0
3051,2022-02-15,1854.8
3052,2022-02-16,1870.2
3053,2022-02-17,1900.7
3054,2022-02-18,1898.6
3055,2022-02-22,1906.1
3056,2022-02-23,1909.2
3057,2022-02-24,1925.1
3058,2022-02-25,1886.5
3059,2022-02-28,1899.4
3060,2022-03-01,1942.4
3061,2022-03-02,1920.9
3062,2022-03-03,1934.4
3063,2022-03-04,1965.1
3064,2022-03-07,1993.9
3065,2022-03-08,2040.1
3066,2022-03-09,1985.9
3067,2022-03-10,1998.1
3068,2022-03-11,1982.7
3069,2022-03-14,1959.6
3070,2022-03-15,1928.5
3071,2022-03-16,1908.0
3072,2022-03-17,1942.1
3073,2022-03-18,1928.2
3074,2022-03-21,1928.6
3075,2022-03-22,1920.7
3076,2022-03-23,1936.6
3077,2022-03-24,1961.6
3078,2022-03-25,1953.8
3079,2022-03-28,1939.6
3080,2022-03-29,1912.0
3081,2022-03-30,1933.5
3082,2022-03-31,1949.2
3083,2022-04-01,1919.1
3084,2022-04-04,1929.2
3085,2022-04-05,1922.9
3086,2022-04-06,1918.4
3087,2022-04-07,1933.8
3088,2022-04-08,1941.6
3089,2022-04-11,1944.3
3090,2022-04-12,1972.1
3091,2022-04-13,1981.0
3092,2022-04-14,1970.9
3093,2022-04-18,1982.9
3094,2022-04-19,1955.7
3095,2022-04-20,1952.3
3096,2022-04-21,1944.9
3097,2022-04-22,1931.0
3098,2022-04-25,1893.2
3099,2022-04-26,1901.4
3100,2022-04-27,1885.9
3101,2022-04-28,1888.7
3102,2022-04-29,1909.3
3103,2022-05-02,1861.8
3104,2022-05-03,1868.8
3105,2022-05-04,1867.0
3106,2022-05-05,1874.0
3107,2022-05-06,1881.2
3108,2022-05-09,1857.1
3109,2022-05-10,1839.9
3110,2022-05-11,1852.6
3111,2022-05-12,1823.8
3112,2022-05-13,1807.4
3113,2022-05-16,1813.5
3114,2022-05-17,1818.2
3115,2022-05-18,1815.9
3116,2022-05-19,1841.2
3117,2022-05-20,1841.8
3118,2022-05-23,1847.8
3119,2022-05-24,1865.1
3120,2022-05-25,1846.2
3121,2022-05-26,1847.4
3122,2022-05-27,1851.3
3123,2022-05-31,1842.7
3124,2022-06-01,1843.3
3125,2022-06-02,1866.5
3126,2022-06-03,1845.4
3127,2022-06-06,1839.2
3128,2022-06-07,1847.5
3129,2022-06-08,1851.9
3130,2022-06-09,1848.8
3131,2022-06-10,1871.5
3132,2022-06-13,1828.0
3133,2022-06-14,1809.5
3134,2022-06-15,1815.3
3135,2022-06-16,1845.7
3136,2022-06-17,1835.6
3137,2022-06-21,1834.6
3138,2022-06-22,1834.3
3139,2022-06-23,1825.7
3140,2022-06-24,1826.5
3141,2022-06-27,1820.9
3142,2022-06-28,1817.5
3143,2022-06-29,1813.7
3144,2022-06-30,1804.1
3145,2022-07-01,1798.9
3146,2022-07-05,1761.8
3147,2022-07-06,1734.9
3148,2022-07-07,1737.9
3149,2022-07-08,1740.6
3150,2022-07-11,1730.0
3151,2022-07-12,1723.3
3152,2022-07-13,1734.2
3153,2022-07-14,1704.5
3154,2022-07-15,1702.4
3155,2022-07-18,1709.2
3156,2022-07-19,1710.0
3157,2022-07-20,1699.5
3158,2022-07-21,1712.7
3159,2022-07-22,1727.1
3160,2022-07-25,1719.0
3161,2022-07-26,1717.7
3162,2022-07-27,1719.1
3163,2022-07-28,1750.3
3164,2022-07-29,1762.9
3165,2022-08-01,1769.0
3166,2022-08-02,1771.1
3167,2022-08-03,1758.0
3168,2022-08-04,1788.5
3169,2022-08-05,1772.9
3170,2022-08-08,1786.8
3171,2022-08-09,1794.0
3172,2022-08-10,1795.6
3173,2022-08-11,1789.7
3174,2022-08-12,1798.6
3175,2022-08-15,1781.4
3176,2022-08-16,1773.2
3177,2022-08-17,1760.3
3178,2022-08-18,1755.3
3179,2022-08-19,1747.6
3180,2022-08-22,1734.0
3181,2022-08-23,1746.8
3182,2022-08-24,1747.8
3183,2022-08-25,1757.7
3184,2022-08-26,1736.1
3185,2022-08-29,1736.6
3186,2022-08-30,1723.2
3187,2022-08-31,1712.8
3188,2022-09-01,1696.6
3189,2022-09-02,1709.8
3190,2022-09-06,1700.4
3191,2022-09-07,1715.3
3192,2022-09-08,1708.0
3193,2022-09-09,1716.2
3194,2022-09-12,1728.1
3195,2022-09-13,1705.0
3196,2022-09-14,1696.5
3197,2022-09-15,1665.4
3198,2022-09-16,1671.7
3199,2022-09-19,1666.2
3200,2022-09-20,1659.7
3201,2022-09-21,1664.6
3202,2022-09-22,1670.8
3203,2022-09-23,1645.3
3204,2022-09-26,1623.3
3205,2022-09-27,1626.7
3206,2022-09-28,1660.4
3207,2022-09-29,1658.5
3208,2022-09-30,1662.4
3209,2022-10-03,1692.9
3210,2022-10-04,1721.1
3211,2022-10-05,1711.4
3212,2022-10-06,1711.7
3213,2022-10-07,1700.5
3214,2022-10-10,1667.3
3215,2022-10-11,1678.7
3216,2022-10-12,1670.3
3217,2022-10-13,1670.0
3218,2022-10-14,1641.7
3219,2022-10-17,1657.0
3220,2022-10-18,1649.0
3221,2022-10-19,1627.5
3222,2022-10-20,1630.8
3223,2022-10-21,1651.0
3224,2022-10-24,1648.7
3225,2022-10-25,1652.8
3226,2022-10-26,1664.0
3227,2022-10-27,1660.7
3228,2022-10-28,1639.6
3229,2022-10-31,1635.9
3230,2022-11-01,1645.0
3231,2022-11-02,1645.7
3232,2022-11-03,1627.3
3233,2022-11-04,1672.5
3234,2022-11-07,1676.5
3235,2022-11-08,1712.1
3236,2022-11-09,1710.1
3237,2022-11-10,1750.3
3238,2022-11-11,1766.0
3239,2022-11-14,1773.6
3240,2022-11-15,1773.8
3241,2022-11-16,1773.0
3242,2022-11-17,1760.8
3243,2022-11-18,1751.9
3244,2022-11-21,1737.4
3245,2022-11-22,1738.3
3246,2022-11-23,1744.9
3247,2022-11-25,1753.3
3248,2022-11-28,1740.1
3249,2022-11-29,1748.4
3250,2022-11-30,1746.0
3251,2022-12-01,1801.1
3252,2022-12-02,1795.9
3253,2022-12-05,1767.4
3254,2022-12-06,1769.3
3255,2022-12-07,1785.5
3256,2022-12-08,1788.7
3257,2022-12-09,1798.1
3258,2022-12-12,1780.5
3259,2022-12-13,1813.9
3260,2022-12-14,1807.5
3261,2022-12-15,1777.2
3262,2022-12-16,1790.0
3263,2022-12-19,1787.7
3264,2022-12-20,1815.9
3265,2022-12-21,1815.9
3266,2022-12-22,1787.0
3267,2022-12-23,1795.9
3268,2022-12-27,1814.8
3269,2022-12-28,1807.9
3270,2022-12-29,1819.5
3271,2022-12-30,1819.7
3272,2023-01-03,1839.7
3273,2023-01-04,1852.8
3274,2023-01-05,1834.8
3275,2023-01-06,1864.2
3276,2023-01-09,1872.7
3277,2023-01-10,1871.6
3278,2023-01-11,1874.6
3279,2023-01-12,1895.5
3280,2023-01-13,1918.4
3281,2023-01-17,1907.2
3282,2023-01-18,1904.4
3283,2023-01-19,1922.1
3284,2023-01-20,1926.4
3285,2023-01-23,1927.1
3286,2023-01-24,1933.9
3287,2023-01-25,1941.2
3288,2023-01-26,1929.1
3289,2023-01-27,1928.6
3290,2023-01-30,1922.9
3291,2023-01-31,1929.5
3292,2023-02-01,1927.8
3293,2023-02-02,1916.3
3294,2023-02-03,1862.9
3295,2023-02-06,1866.2
3296,2023-02-07,1871.7
3297,2023-02-08,1877.4
3298,2023-02-09,1866.2
3299,2023-02-10,1862.8
3300,2023-02-13,1851.9
3301,2023-02-14,1854.0
3302,2023-02-15,1834.2
3303,2023-02-16,1842.0
3304,2023-02-17,1840.4
3305,2023-02-21,1833.0
3306,2023-02-22,1832.0
3307,2023-02-23,1818.0
3308,2023-02-24,1808.8
3309,2023-02-27,1817.0
3310,2023-02-28,1828.9
3311,2023-03-01,1837.7
3312,2023-03-02,1833.5
3313,2023-03-03,1847.7
3314,2023-03-06,1847.9
3315,2023-03-07,1813.9
3316,2023-03-08,1812.7
3317,2023-03-09,1829.3
3318,2023-03-10,1862.0
3319,2023-03-13,1911.7
3320,2023-03-14,1906.2
3321,2023-03-15,1926.6
3322,2023-03-16,1919.0
3323,2023-03-17,1969.8
3324,2023-03-20,1979.2
3325,2023-03-21,1938.0
3326,2023-03-22,1946.8
3327,2023-03-23,1993.8
3328,2023-03-24,1982.1
3329,2023-03-27,1952.4
3330,2023-03-28,1972.4
3331,2023-03-29,1966.1
3332,2023-03-30,1980.3
3333,2023-03-31,1969.0
3334,2023-04-03,1983.9
3335,2023-04-04,2022.2
3336,2023-04-05,2020.9
3337,2023-04-06,2011.9
3338,2023-04-10,1989.1
3339,2023-04-11,2004.8
3340,2023-04-12,2010.9
3341,2023-04-13,2041.3
3342,2023-04-14,2002.2
3343,2023-04-17,1994.2
3344,2023-04-18,2007.4
3345,2023-04-19,1995.2
3346,2023-04-20,2007.6
3347,2023-04-21,1979.5
3348,2023-04-24,1989.1
3349,2023-04-25,1994.0
3350,2023-04-26,1985.7
3351,2023-04-27,1989.9
3352,2023-04-28,1990.1
3353,2023-05-01,1983.4
3354,2023-05-02,2014.3
3355,2023-05-03,2028.6
3356,2023-05-04,2048.0
3357,2023-05-05,2017.4
3358,2023-05-08,2026.3
3359,2023-05-09,2036.2
3360,2023-05-10,2030.5
3361,2023-05-11,2014.7
3362,2023-05-12,2014.5
3363,2023-05-15,2018.0
3364,2023-05-16,1988.4
3365,2023-05-17,1980.7
3366,2023-05-18,1956.5
3367,2023-05-19,1978.7
3368,2023-05-22,1974.8
3369,2023-05-23,1972.4
3370,2023-05-24,1962.8
3371,2023-05-25,1943.1
3372,2023-05-26,1944.1
3373,2023-05-30,1958.0
3374,2023-05-31,1963.9
3375,2023-06-01,1978.0
3376,2023-06-02,1952.4
3377,2023-06-05,1958.0
3378,2023-06-06,1965.5
3379,2023-06-07,1942.7
3380,2023-06-08,1963.6
3381,2023-06-09,1962.2
3382,2023-06-12,1955.3
3383,2023-06-13,1944.6
3384,2023-06-14,1955.3
3385,2023-06-15,1957.8
3386,2023-06-16,1958.4
3387,2023-06-20,1935.5
3388,2023-06-21,1933.3
3389,2023-06-22,1912.7
3390,2023-06-23,1919.1
3391,2023-06-26,1923.7
3392,2023-06-27,1914.0
3393,2023-06-28,1912.3
3394,2023-06-29,1909.2
3395,2023-06-30,1921.1
3396,2023-07-03,1921.7
3397,2023-07-05,1919.6
3398,2023-07-06,1908.7
3399,2023-07-07,1926.2
3400,2023-07-10,1925.0
3401,2023-07-11,1931.3
3402,2023-07-12,1956.2
3403,2023-07-13,1959.2
3404,2023-07-14,1960.1
3405,2023-07-17,1952.4
3406,2023-07-18,1977.2
3407,2023-07-19,1977.5
3408,2023-07-20,1968.3
3409,2023-07-21,1964.3
3410,2023-07-24,1960.3
3411,2023-07-25,1962.1
3412,2023-07-26,1968.9
3413,2023-07-27,1945.4
3414,2023-07-28,1960.4
3415,2023-07-31,1970.5
3416,2023-08-01,1940.7
3417,2023-08-02,1937.4
3418,2023-08-03,1932.0
3419,2023-08-04,1939.6
3420,2023-08-07,1933.5
3421,2023-08-08,1924.1
3422,2023-08-09,1915.4
3423,2023-08-10,1914.4
3424,2023-08-11,1912.9
3425,2023-08-14,1910.6
3426,2023-08-15,1902.5
3427,2023-08-16,1896.1
3428,2023-08-17,1884.1
3429,2023-08-18,1886.1
3430,2023-08-21,1893.3
3431,2023-08-22,1896.4
3432,2023-08-23,1918.5
3433,2023-08-24,1918.2
3434,2023-08-25,1911.1
3435,2023-08-28,1917.9
3436,2023-08-29,1936.5
3437,2023-08-30,1944.3
3438,2023-08-31,1938.2
3439,2023-09-01,1939.8
3440,2023-09-05,1926.2
3441,2023-09-06,1918.1
3442,2023-09-07,1917.5
3443,2023-09-08,1918.4
3444,2023-09-11,1923.3
3445,2023-09-12,1911.3
3446,2023-09-13,1909.1
3447,2023-09-14,1910.0
3448,2023-09-15,1923.7
3449,2023-09-18,1931.5
3450,2023-09-19,1932.0
3451,2023-09-20,1945.6
3452,2023-09-21,1919.2
3453,2023-09-22,1925.4
3454,2023-09-25,1916.6
3455,2023-09-26,1900.4
3456,2023-09-27,1871.6
3457,2023-09-28,1860.4
3458,2023-09-29,1848.1
3459,2023-10-02,1830.0
3460,2023-10-03,1824.6
3461,2023-10-04,1818.5
3462,2023-10-05,1816.6
3463,2023-10-06,1830.2
3464,2023-10-09,1849.5
3465,2023-10-10,1861.0
3466,2023-10-11,1872.8
3467,2023-10-12,1869.3
3468,2023-10-13,1927.4
3469,2023-10-16,1921.1
3470,2023-10-17,1922.7
3471,2023-10-18,1955.3
3472,2023-10-19,1968.4
3473,2023-10-20,1982.5
3474,2023-10-23,1976.3
3475,2023-10-24,1975.0
3476,2023-10-25,1984.1
3477,2023-10-26,1987.2
3478,2023-10-27,1988.6
3479,2023-10-30,1996.2
3480,2023-10-31,1985.2
3481,2023-11-01,1978.8
3482,2023-11-02,1985.6
3483,2023-11-03,1991.5
3484,2023-11-06,1981.6
3485,2023-11-07,1966.8
3486,2023-11-08,1951.5
3487,2023-11-09,1964.2
3488,2023-11-10,1932.6
3489,2023-11-13,1945.5
3490,2023-11-14,1961.8
3491,2023-11-15,1960.1
3492,2023-11-16,1983.9
3493,2023-11-17,1981.6
3494,2023-11-20,1977.7
3495,2023-11-21,1999.3
3496,2023-11-22,1991.4
3497,2023-11-23,
3498,2023-11-24,2002.2
3499,2023-11-27,2011.8
3500,2023-11-28,2039.7
3501,2023-11-29,2047.1
3502,2023-11-30,2038.1
3503,2023-12-01,2071.0
3504,2023-12-04,2024.1
3505,2023-12-05,2018.5
3506,2023-12-06,2030.5
3507,2023-12-07,2029.9
3508,2023-12-08,1998.3
3509,2023-12-11,1978.0
3510,2023-12-12,1977.8
3511,2023-12-13,1982.3
3512,2023-12-14,2030.2
3513,2023-12-15,2021.1
3514,2023-12-18,2026.3
3515,2023-12-19,2038.4
3516,2023-12-20,2034.5
3517,2023-12-21,2039.1
3518,2023-12-22,2057.1
3519,2023-12-26,2058.2
3520,2023-12-27,2081.9
3521,2023-12-28,2073.9
3522,2023-12-29,2062.4
3523,2024-01-02,2064.4
3524,2024-01-03,2034.2
3525,2024-01-04,2042.3
3526,2024-01-05,2042.4
3527,2024-01-08,2026.6
3528,2024-01-09,2026.4
3529,2024-01-10,2021.7
3530,2024-01-11,2014.3
3531,2024-01-12,2046.7
3532,2024-01-16,2026.0
3533,2024-01-17,2002.6
3534,2024-01-18,2018.6
3535,2024-01-19,2026.5
3536,2024-01-22,2019.8
3537,2024-01-23,2023.7
3538,2024-01-24,2013.9
3539,2024-01-25,2016.9
3540,2024-01-26,2016.8
3541,2024-01-29,2025.2
3542,2024-01-30,2031.5
3543,2024-01-31,2048.4
3544,2024-02-01,2053.0
3545,2024-02-02,2036.1
3546,2024-02-05,2025.7
3547,2024-02-06,2034.5
3548,2024-02-07,2035.2
3549,2024-02-08,2032.2
3550,2024-02-09,2023.3
3551,2024-02-12,2018.2
3552,2024-02-13,1992.9
3553,2024-02-14,1990.3
3554,2024-02-15,2002.1
3555,2024-02-16,2011.5
3556,2024-02-20,2027.5
3557,2024-02-21,2022.3
3558,2024-02-22,2019.7
3559,2024-02-23,2038.6
3560,2024-02-26,2028.5
3561,2024-02-27,2034.0
3562,2024-02-28,2033.0
3563,2024-02-29,2045.7
3564,2024-03-01,2086.9
3565,2024-03-04,2117.7
3566,2024-03-05,2133.5
3567,2024-03-06,2150.3
3568,2024-03-07,2158.0
3569,2024-03-08,2178.6
3570,2024-03-11,2182.5
3571,2024-03-12,2160.4
3572,2024-03-13,2175.4
3573,2024-03-14,2163.0
3574,2024-03-15,2157.3
3575,2024-03-18,2160.7
3576,2024-03-19,2156.3
3577,2024-03-20,2157.9
3578,2024-03-21,2182.4
3579,2024-03-22,2158.1
3580,2024-03-25,2174.8
3581,2024-03-26,2175.6
3582,2024-03-27,2190.6
3583,2024-03-28,2217.4
3584,2024-04-01,2236.5
3585,2024-04-02,2261.0
3586,2024-04-03,2294.4
3587,2024-04-04,2288.8
3588,2024-04-05,2325.7
3589,2024-04-08,2331.7
3590,2024-04-09,2343.5
3591,2024-04-10,2329.6
3592,2024-04-11,2354.8
3593,2024-04-12,2356.2
3594,2024-04-15,2365.8
3595,2024-04-16,2390.8
3596,2024-04-17,2371.7
3597,2024-04-18,2382.3
3598,2024-04-19,2398.4
3599,2024-04-22,2332.2
3600,2024-04-23,2327.7
3601,2024-04-24,2324.5
3602,2024-04-25,2329.8
3603,2024-04-26,2334.8
3604,2024-04-29,2345.4
3605,2024-04-30,2291.4
3606,2024-05-01,2299.9
3607,2024-05-02,2299.2
3608,2024-05-03,2299.0
3609,2024-05-06,2321.6
3610,2024-05-07,2315.2
3611,2024-05-08,2313.6
3612,2024-05-09,2332.1
3613,2024-05-10,2367.3
3614,2024-05-13,2336.1
3615,2024-05-14,2353.4
3616,2024-05-15,2388.7
3617,2024-05-16,2380.0
3618,2024-05-17,2412.2
3619,2024-05-20,2433.9
3620,2024-05-21,2421.7
3621,2024-05-22,2389.2
3622,2024-05-23,2335.0
3623,2024-05-24,2332.5
3624,2024-05-28,2355.2
3625,2024-05-29,2340.3
3626,2024-05-30,2342.9
3627,2024-05-31,2322.9
3628,2024-06-03,2346.6
3629,2024-06-04,2325.5
3630,2024-06-05,2354.1
3631,2024-06-06,2370.3
3632,2024-06-07,2305.2
3633,2024-06-10,2307.7
3634,2024-06-11,2307.5
3635,2024-06-12,2336.0
3636,2024-06-13,2300.2
3637,2024-06-14,2331.4
3638,2024-06-17,2312.4
3639,2024-06-18,2330.4
3640,2024-06-20,2353.8
3641,2024-06-21,2316.4
3642,2024-06-24,2330.0
3643,2024-06-25,2316.6
3644,2024-06-26,2299.2
3645,2024-06-27,2324.5
3646,2024-06-28,2327.7
3647,2024-07-01,2327.6
3648,2024-07-02,2323.0
3649,2024-07-03,2359.8
3650,2024-07-05,2388.5
3651,2024-07-08,2355.2
3652,2024-07-09,2360.1
3653,2024-07-10,2372.2
3654,2024-07-11,2415.0
3655,2024-07-12,2414.0
3656,2024-07-15,2422.9
3657,2024-07-16,2462.4
3658,2024-07-17,2454.8
3659,2024-07-18,2451.8
3660,2024-07-19,2395.5
3661,2024-07-22,2392.0
3662,2024-07-23,2404.6
3663,2024-07-24,2413.3
3664,2024-07-25,2351.9
3665,2024-07-26,2380.0
3666,2024-07-29,2377.3
3667,2024-07-30,2405.0
3668,2024-07-31,2426.5
3669,2024-08-01,2435.0
3670,2024-08-02,2425.7
3671,2024-08-05,2401.7
3672,2024-08-06,2389.1
3673,2024-08-07,2390.5
3674,2024-08-08,2422.2
3675,2024-08-09,2432.1
3676,2024-08-12,2462.4
3677,2024-08-13,2466.7
3678,2024-08-14,2439.4
3679,2024-08-15,2453.1
3680,2024-08-16,2498.6
3681,2024-08-19,2501.8
3682,2024-08-20,2511.3
3683,2024-08-21,2508.4
3684,2024-08-22,2478.9
3685,2024-08-23,2508.4
3686,2024-08-26,2517.7
3687,2024-08-27,2516.0
3688,2024-08-28,2501.0
3689,2024-08-29,2525.7
3690,2024-08-30,2493.8
3691,2024-09-03,2489.9
3692,2024-09-04,2493.4
3693,2024-09-05,2511.4
3694,2024-09-06,2493.5
3695,2024-09-09,2501.8
3696,2024-09-10,2512.3
3697,2024-09-11,2512.1
3698,2024-09-12,2551.2
3699,2024-09-13,2581.3
3700,2024-09-16,2580.4
3701,2024-09-17,2564.3
3702,2024-09-18,2570.7
3703,2024-09-19,2588.0
3704,2024-09-20,2619.9
3705,2024-09-23,2626.5
3706,2024-09-24,2651.2
3707,2024-09-25,2659.2
3708,2024-09-26,2669.9
3709,2024-09-27,2644.3
3710,2024-09-30,2636.1
3711,2024-10-01,2667.3
3712,2024-10-02,2647.1
3713,2024-10-03,2657.1
3714,2024-10-04,2645.8
3715,2024-10-07,2644.8
3716,2024-10-08,2615.0
3717,2024-10-09,2606.0
3718,2024-10-10,2620.6
3719,2024-10-11,2657.6
3720,2024-10-14,2647.8
3721,2024-10-15,2661.4
3722,2024-10-16,2674.0
3723,2024-10-17,2691.0
3724,2024-10-18,2713.7
3725,2024-10-21,2723.1
3726,2024-10-22,2744.2
3727,2024-10-23,2714.4
3728,2024-10-24,2734.9
3729,2024-10-25,2740.9
3730,2024-10-28,2742.9
3731,2024-10-29,2768.4
3732,2024-10-30,2788.5
3733,2024-10-31,2738.3
3734,2024-11-01,2738.6
3735,2024-11-04,2736.1
3736,2024-11-05,2740.3
3737,2024-11-06,2667.6
3738,2024-11-07,2698.4
3739,2024-11-08,2687.5
3740,2024-11-11,2611.2
3741,2024-11-12,2600.0
3742,2024-11-13,2580.8
3743,2024-11-14,2568.2
3744,2024-11-15,2565.7
3745,2024-11-18,2610.6
3746,2024-11-19,2627.1
3747,2024-11-20,2648.2
3748,2024-11-21,2672.1
3749,2024-11-22,2709.9
3750,2024-11-25,2616.8
3751,2024-11-26,2620.3
3752,2024-11-27,2639.9
3753,2024-11-29,2657.0
3754,2024-12-02,2634.9
3755,2024-12-03,2644.7
3756,2024-12-04,2653.8
3757,2024-12-05,2626.6
3758,2024-12-06,2638.6
3759,2024-12-09,2664.9
3760,2024-12-10,2697.6
3761,2024-12-11,2733.8
3762,2024-12-12,2687.5
3763,2024-12-13,2656.0
3764,2024-12-16,2651.4
3765,2024-12-17,2644.4
3766,2024-12-18,2636.5
3767,2024-12-19,2592.2
3768,2024-12-20,2628.7
3769,2024-12-23,2612.3
3770,2024-12-24,2620.0
3771,2024-12-26,2638.8
3772,2024-12-27,2617.2
3773,2024-12-30,2606.1
3774,2024-12-31,2629.2
3775,2025-01-02,2658.9
3776,2025-01-03,2645.0
3777,2025-01-06,2638.4
3778,2025-01-07,2656.7
3779,2025-01-08,2664.5
3780,2025-01-09,2683.8
3781,2025-01-10,2708.5
3782,2025-01-13,2673.5
3783,2025-01-14,2677.5
3784,2025-01-15,2712.5
3785,2025-01-16,2746.4
3786,2025-01-17,2744.3
3787,2025-01-21,2755.0
3788,2025-01-22,2767.6
3789,2025-01-23,2763.1
3790,2025-01-24,2777.3
3791,2025-01-27,2737.5
3792,2025-01-28,2766.8
3793,2025-01-29,2769.1
3794,2025-01-30,2823.0
3795,2025-01-31,2812.5
3796,2025-02-03,2833.9
3797,2025-02-04,2853.3
3798,2025-02-05,2871.6
3799,2025-02-06,2856.0
3800,2025-02-07,2867.3
3801,2025-02-10,2914.3
3802,2025-02-11,2912.5
3803,2025-02-12,2909.0
3804,2025-02-13,2925.9
3805,2025-02-14,2883.6
3806,2025-02-18,2931.6
3807,2025-02-19,2919.4
3808,2025-02-20,2940.0
3809,2025-02-21,2937.6
3810,2025-02-24,2947.9
3811,2025-02-25,2904.5
3812,2025-02-26,2916.8
3813,2025-02-27,2883.2
3814,2025-02-28,2836.8
3815,2025-03-03,2890.2
3816,2025-03-04,2909.6
3817,2025-03-05,2915.3
3818,2025-03-06,2916.6
3819,2025-03-07,2904.7
3820,2025-03-10,2891.0
3821,2025-03-11,2912.9
3822,2025-03-12,2939.1
3823,2025-03-13,2984.3
3824,2025-03-14,2994.5
3825,2025-03-17,3000.0
3826,2025-03-18,3035.1
3827,2025-03-19,3035.9
3828,2025-03-20,3040.0
3829,2025-03-21,3018.2
3830,2025-03-24,3013.1
3831,2025-03-25,3023.7
3832,2025-03-26,3020.9
3833,2025-03-27,3060.2
3834,2025-03-28,3086.5
3835,2025-03-31,3122.8
3836,2025-04-01,3118.9
3837,2025-04-02,3139.9
3838,2025-04-03,3097.0
3839,2025-04-04,3012.0
3840,2025-04-07,2951.3
3841,2025-04-08,2968.4
3842,2025-04-09,3056.5
3843,2025-04-10,3155.2
3844,2025-04-11,3222.2
3845,2025-04-14,3204.8
3846,2025-04-15,3218.7
3847,2025-04-16,3326.6
3848,2025-04-17,3308.7
3849,2025-04-21,3406.2
3850,2025-04-22,3400.8
3851,2025-04-23,3276.3
3852,2025-04-24,3332.0
3853,2025-04-25,3282.4
3854,2025-04-28,3332.5
3855,2025-04-29,3318.8
3856,2025-04-30,3305.0
3857,2025-05-01,3210.0
3858,2025-05-02,3231.9
3859,2025-05-05,3311.3
3860,2025-05-06,3411.4
3861,2025-05-07,3381.4
3862,2025-05-08,3296.6
3863,2025-05-09,3335.4
3864,2025-05-12,3220.0
3865,2025-05-13,3240.3
3866,2025-05-14,3181.4
3867,2025-05-15,3220.7
3868,2025-05-16,3182.0
3869,2025-05-19,3228.9
3870,2025-05-20,3280.3
3871,2025-05-21,3309.3
3872,2025-05-22,3292.3
3873,2025-05-23,3363.6
3874,2025-05-27,3299.1
3875,2025-05-28,3293.6
3876,2025-05-29,3317.1
3877,2025-05-30,3288.9
3878,2025-06-02,3370.6
3879,2025-06-03,3350.2
3880,2025-06-04,3373.5
3881,2025-06-05,3350.7
3882,2025-06-06,3322.7
3883,2025-06-09,3332.1
3884,2025-06-10,3320.9
3885,2025-06-11,3321.3
3886,2025-06-12,3380.9
3887,2025-06-13,3431.2
3888,2025-06-16,3396.4
3889,2025-06-17,3386.6
3890,2025-06-18,3389.8
3891,2025-06-20,3368.1
3892,2025-06-23,3377.7
3893,2025-06-24,3317.4
3894,2025-06-25,3327.1
3895,2025-06-26,3333.5
3896,2025-06-27,3273.7
3897,2025-06-30,3294.4
3898,2025-07-01,3336.7
3899,2025-07-02,3348.0
3900,2025-07-03,3331.6
3901,2025-07-04,3332.5
3902,2025-07-07,3332.2
3903,2025-07-08,3307.0
3904,2025-07-09,3311.6
3905,2025-07-10,3317.4
3906,2025-07-11,3356.0
3907,2025-07-14,3351.5
3908,2025-07-15,3329.8
3909,2025-07-16,3352.5
3910,2025-07-17,3340.1
3911,2025-07-18,3353.0
3912,2025-07-21,3401.9
3913,2025-07-22,3439.2
3914,2025-07-23,3394.1
3915,2025-07-24,3371.0
3916,2025-07-25,3334.0
3917,2025-07-28,3309.1
3918,2025-07-29,3323.4
3919,2025-07-30,3295.8
3920,2025-07-31,3293.2
3921,2025-08-01,3347.7
3922,2025-08-04,3374.4
3923,2025-08-05,3381.9
3924,2025-08-06,3380.0
3925,2025-08-07,3400.3
3926,2025-08-08,3439.1
3927,2025-08-11,3353.1
3928,2025-08-12,3348.9
3929,2025-08-13,3358.7
3930,2025-08-14,3335.2
3931,2025-08-15,3336.0
3932,2025-08-18,3331.7
3933,2025-08-19,3313.4
3934,2025-08-20,3343.4
3935,2025-08-21,3336.9
3936,2025-08-22,3374.4
3937,2025-08-25,3373.8
3938,2025-08-26,3388.6
3939,2025-08-27,3404.6
3940,2025-08-28,3431.8
3941,2025-08-29,3473.7
3942,2025-09-02,3549.4
3943,2025-09-03,3593.2
3944,2025-09-04,3565.8
3945,2025-09-05,3613.2
3946,2025-09-08,3638.1
3947,2025-09-09,3643.3
3948,2025-09-10,3643.6
3949,2025-09-11,3636.9
3950,2025-09-12,3649.4
3951,2025-09-15,3682.2
3952,2025-09-16,3688.9
3953,2025-09-17,3681.8
3954,2025-09-18,3643.7
3955,2025-09-19,3719.4
